timestamp,device,field,value,source
2026-04-29 13:02:59,0xa4c138057801ffff,current,0.22,zigbee_mqtt
2026-04-29 13:02:59,0xa4c138057801ffff,energy,0.03,zigbee_mqtt
2026-04-29 13:02:59,0xa4c138057801ffff,energy_month,0.03,zigbee_mqtt
2026-04-29 13:02:59,0xa4c138057801ffff,energy_today,0.03,zigbee_mqtt
2026-04-29 13:02:59,0xa4c138057801ffff,energy_yesterday,0,zigbee_mqtt
2026-04-29 13:02:59,0xa4c138057801ffff,linkquality,141,zigbee_mqtt
2026-04-29 13:02:59,0xa4c138057801ffff,power,21.09,zigbee_mqtt
2026-04-29 13:02:59,0xa4c138057801ffff,state,ON,zigbee_mqtt
2026-04-29 13:02:59,0xa4c138057801ffff,voltage,236.45,zigbee_mqtt
2026-04-29 13:03:03,0xa4c138057801ffff,current,0.22,zigbee_mqtt
2026-04-29 13:03:03,0xa4c138057801ffff,energy,0.03,zigbee_mqtt
2026-04-29 13:03:03,0xa4c138057801ffff,energy_month,0.03,zigbee_mqtt
2026-04-29 13:03:03,0xa4c138057801ffff,energy_today,0.03,zigbee_mqtt
2026-04-29 13:03:03,0xa4c138057801ffff,energy_yesterday,0,zigbee_mqtt
2026-04-29 13:03:03,0xa4c138057801ffff,linkquality,138,zigbee_mqtt
2026-04-29 13:03:03,0xa4c138057801ffff,power,24.08,zigbee_mqtt
2026-04-29 13:03:03,0xa4c138057801ffff,state,ON,zigbee_mqtt
2026-04-29 13:03:03,0xa4c138057801ffff,voltage,236.45,zigbee_mqtt
2026-04-29 13:03:07,0xa4c1380538efffff,current,0,zigbee_mqtt
2026-04-29 13:03:07,0xa4c1380538efffff,energy,0,zigbee_mqtt
2026-04-29 13:03:07,0xa4c1380538efffff,energy_month,0,zigbee_mqtt
2026-04-29 13:03:07,0xa4c1380538efffff,energy_today,0,zigbee_mqtt
2026-04-29 13:03:07,0xa4c1380538efffff,energy_yesterday,0,zigbee_mqtt
2026-04-29 13:03:07,0xa4c1380538efffff,linkquality,204,zigbee_mqtt
2026-04-29 13:03:07,0xa4c1380538efffff,power,0,zigbee_mqtt
2026-04-29 13:03:07,0xa4c1380538efffff,state,OFF,zigbee_mqtt
2026-04-29 13:03:07,0xa4c1380538efffff,voltage,237.07,zigbee_mqtt
2026-04-29 13:03:09,0xa4c138057801ffff,current,0.13,zigbee_mqtt
2026-04-29 13:03:09,0xa4c138057801ffff,energy,0.03,zigbee_mqtt
2026-04-29 13:03:09,0xa4c138057801ffff,energy_month,0.03,zigbee_mqtt
2026-04-29 13:03:09,0xa4c138057801ffff,energy_today,0.03,zigbee_mqtt
2026-04-29 13:03:09,0xa4c138057801ffff,energy_yesterday,0,zigbee_mqtt
2026-04-29 13:03:09,0xa4c138057801ffff,linkquality,144,zigbee_mqtt
2026-04-29 13:03:09,0xa4c138057801ffff,power,24.08,zigbee_mqtt
2026-04-29 13:03:09,0xa4c138057801ffff,state,ON,zigbee_mqtt
2026-04-29 13:03:09,0xa4c138057801ffff,voltage,236.45,zigbee_mqtt
2026-04-29 13:03:13,0xa4c138057801ffff,current,0.13,zigbee_mqtt
2026-04-29 13:03:13,0xa4c138057801ffff,energy,0.03,zigbee_mqtt
2026-04-29 13:03:13,0xa4c138057801ffff,energy_month,0.03,zigbee_mqtt
2026-04-29 13:03:13,0xa4c138057801ffff,energy_today,0.03,zigbee_mqtt
2026-04-29 13:03:13,0xa4c138057801ffff,energy_yesterday,0,zigbee_mqtt
2026-04-29 13:03:13,0xa4c138057801ffff,linkquality,141,zigbee_mqtt
2026-04-29 13:03:13,0xa4c138057801ffff,power,24,zigbee_mqtt
2026-04-29 13:03:13,0xa4c138057801ffff,state,ON,zigbee_mqtt
2026-04-29 13:03:13,0xa4c138057801ffff,voltage,236.45,zigbee_mqtt
2026-04-29 13:03:17,0xa4c1380538efffff,current,0,zigbee_mqtt
2026-04-29 13:03:17,0xa4c1380538efffff,energy,0,zigbee_mqtt
2026-04-29 13:03:17,0xa4c1380538efffff,energy_month,0,zigbee_mqtt
2026-04-29 13:03:17,0xa4c1380538efffff,energy_today,0,zigbee_mqtt
2026-04-29 13:03:17,0xa4c1380538efffff,energy_yesterday,0,zigbee_mqtt
2026-04-29 13:03:17,0xa4c1380538efffff,linkquality,207,zigbee_mqtt
2026-04-29 13:03:17,0xa4c1380538efffff,power,0,zigbee_mqtt
2026-04-29 13:03:17,0xa4c1380538efffff,state,OFF,zigbee_mqtt
2026-04-29 13:03:17,0xa4c1380538efffff,voltage,237.07,zigbee_mqtt
2026-04-29 13:03:19,0xa4c138057801ffff,current,0.2,zigbee_mqtt
2026-04-29 13:03:19,0xa4c138057801ffff,energy,0.03,zigbee_mqtt
2026-04-29 13:03:19,0xa4c138057801ffff,energy_month,0.03,zigbee_mqtt
2026-04-29 13:03:19,0xa4c138057801ffff,energy_today,0.03,zigbee_mqtt
2026-04-29 13:03:19,0xa4c138057801ffff,energy_yesterday,0,zigbee_mqtt
2026-04-29 13:03:19,0xa4c138057801ffff,linkquality,141,zigbee_mqtt
2026-04-29 13:03:19,0xa4c138057801ffff,power,24,zigbee_mqtt
2026-04-29 13:03:19,0xa4c138057801ffff,state,ON,zigbee_mqtt
2026-04-29 13:03:19,0xa4c138057801ffff,voltage,236.45,zigbee_mqtt
2026-04-29 13:03:23,0xa4c138057801ffff,current,0.2,zigbee_mqtt
2026-04-29 13:03:23,0xa4c138057801ffff,energy,0.03,zigbee_mqtt
2026-04-29 13:03:23,0xa4c138057801ffff,energy_month,0.03,zigbee_mqtt
2026-04-29 13:03:23,0xa4c138057801ffff,energy_today,0.03,zigbee_mqtt
2026-04-29 13:03:23,0xa4c138057801ffff,energy_yesterday,0,zigbee_mqtt
2026-04-29 13:03:23,0xa4c138057801ffff,linkquality,141,zigbee_mqtt
2026-04-29 13:03:23,0xa4c138057801ffff,power,40.42,zigbee_mqtt
2026-04-29 13:03:23,0xa4c138057801ffff,state,ON,zigbee_mqtt
2026-04-29 13:03:23,0xa4c138057801ffff,voltage,236.45,zigbee_mqtt
2026-04-29 13:03:27,0xa4c1380538efffff,current,0,zigbee_mqtt
2026-04-29 13:03:27,0xa4c1380538efffff,energy,0,zigbee_mqtt
2026-04-29 13:03:27,0xa4c1380538efffff,energy_month,0,zigbee_mqtt
2026-04-29 13:03:27,0xa4c1380538efffff,energy_today,0,zigbee_mqtt
2026-04-29 13:03:27,0xa4c1380538efffff,energy_yesterday,0,zigbee_mqtt
2026-04-29 13:03:27,0xa4c1380538efffff,linkquality,207,zigbee_mqtt
2026-04-29 13:03:27,0xa4c1380538efffff,power,0,zigbee_mqtt
2026-04-29 13:03:27,0xa4c1380538efffff,state,OFF,zigbee_mqtt
2026-04-29 13:03:27,0xa4c1380538efffff,voltage,237.07,zigbee_mqtt
2026-04-29 13:03:29,0xa4c138057801ffff,current,0.2,zigbee_mqtt
2026-04-29 13:03:29,0xa4c138057801ffff,energy,0.03,zigbee_mqtt
2026-04-29 13:03:29,0xa4c138057801ffff,energy_month,0.03,zigbee_mqtt
2026-04-29 13:03:29,0xa4c138057801ffff,energy_today,0.03,zigbee_mqtt
2026-04-29 13:03:29,0xa4c138057801ffff,energy_yesterday,0,zigbee_mqtt
2026-04-29 13:03:29,0xa4c138057801ffff,linkquality,144,zigbee_mqtt
2026-04-29 13:03:29,0xa4c138057801ffff,power,40.42,zigbee_mqtt
2026-04-29 13:03:29,0xa4c138057801ffff,state,ON,zigbee_mqtt
2026-04-29 13:03:29,0xa4c138057801ffff,voltage,236.45,zigbee_mqtt
2026-04-29 13:03:33,0xa4c138057801ffff,current,0.2,zigbee_mqtt
2026-04-29 13:03:33,0xa4c138057801ffff,energy,0.03,zigbee_mqtt
2026-04-29 13:03:33,0xa4c138057801ffff,energy_month,0.03,zigbee_mqtt
2026-04-29 13:03:33,0xa4c138057801ffff,energy_today,0.03,zigbee_mqtt
2026-04-29 13:03:33,0xa4c138057801ffff,energy_yesterday,0,zigbee_mqtt
2026-04-29 13:03:33,0xa4c138057801ffff,linkquality,141,zigbee_mqtt
2026-04-29 13:03:33,0xa4c138057801ffff,power,60.09,zigbee_mqtt
2026-04-29 13:03:33,0xa4c138057801ffff,state,ON,zigbee_mqtt
2026-04-29 13:03:33,0xa4c138057801ffff,voltage,236.45,zigbee_mqtt
2026-04-29 13:03:37,0xa4c1380538efffff,current,0,zigbee_mqtt
2026-04-29 13:03:37,0xa4c1380538efffff,energy,0,zigbee_mqtt
2026-04-29 13:03:37,0xa4c1380538efffff,energy_month,0,zigbee_mqtt
2026-04-29 13:03:37,0xa4c1380538efffff,energy_today,0,zigbee_mqtt
2026-04-29 13:03:37,0xa4c1380538efffff,energy_yesterday,0,zigbee_mqtt
2026-04-29 13:03:37,0xa4c1380538efffff,linkquality,207,zigbee_mqtt
2026-04-29 13:03:37,0xa4c1380538efffff,power,0,zigbee_mqtt
2026-04-29 13:03:37,0xa4c1380538efffff,state,OFF,zigbee_mqtt
2026-04-29 13:03:37,0xa4c1380538efffff,voltage,237.07,zigbee_mqtt
2026-04-29 13:03:39,0xa4c138057801ffff,current,0.21,zigbee_mqtt
2026-04-29 13:03:39,0xa4c138057801ffff,energy,0.03,zigbee_mqtt
2026-04-29 13:03:39,0xa4c138057801ffff,energy_month,0.03,zigbee_mqtt
2026-04-29 13:03:39,0xa4c138057801ffff,energy_today,0.03,zigbee_mqtt
2026-04-29 13:03:39,0xa4c138057801ffff,energy_yesterday,0,zigbee_mqtt
2026-04-29 13:03:39,0xa4c138057801ffff,linkquality,141,zigbee_mqtt
2026-04-29 13:03:39,0xa4c138057801ffff,power,60.09,zigbee_mqtt
2026-04-29 13:03:39,0xa4c138057801ffff,state,ON,zigbee_mqtt
2026-04-29 13:03:39,0xa4c138057801ffff,voltage,236.45,zigbee_mqtt
2026-04-29 13:03:43,0xa4c138057801ffff,current,0.21,zigbee_mqtt
2026-04-29 13:03:43,0xa4c138057801ffff,energy,0.03,zigbee_mqtt
2026-04-29 13:03:43,0xa4c138057801ffff,energy_month,0.03,zigbee_mqtt
2026-04-29 13:03:43,0xa4c138057801ffff,energy_today,0.03,zigbee_mqtt
2026-04-29 13:03:43,0xa4c138057801ffff,energy_yesterday,0,zigbee_mqtt
2026-04-29 13:03:43,0xa4c138057801ffff,linkquality,147,zigbee_mqtt
2026-04-29 13:03:43,0xa4c138057801ffff,power,41.29,zigbee_mqtt
2026-04-29 13:03:43,0xa4c138057801ffff,state,ON,zigbee_mqtt
2026-04-29 13:03:43,0xa4c138057801ffff,voltage,236.45,zigbee_mqtt
2026-04-29 13:03:47,0xa4c1380538efffff,current,0,zigbee_mqtt
2026-04-29 13:03:47,0xa4c1380538efffff,energy,0,zigbee_mqtt
2026-04-29 13:03:47,0xa4c1380538efffff,energy_month,0,zigbee_mqtt
2026-04-29 13:03:47,0xa4c1380538efffff,energy_today,0,zigbee_mqtt
2026-04-29 13:03:47,0xa4c1380538efffff,energy_yesterday,0,zigbee_mqtt
2026-04-29 13:03:47,0xa4c1380538efffff,linkquality,207,zigbee_mqtt
2026-04-29 13:03:47,0xa4c1380538efffff,power,0,zigbee_mqtt
2026-04-29 13:03:47,0xa4c1380538efffff,state,OFF,zigbee_mqtt
2026-04-29 13:03:47,0xa4c1380538efffff,voltage,237.07,zigbee_mqtt
2026-04-29 13:03:49,0xa4c138057801ffff,current,0.35,zigbee_mqtt
2026-04-29 13:03:49,0xa4c138057801ffff,energy,0.03,zigbee_mqtt
2026-04-29 13:03:49,0xa4c138057801ffff,energy_month,0.03,zigbee_mqtt
2026-04-29 13:03:49,0xa4c138057801ffff,energy_today,0.03,zigbee_mqtt
2026-04-29 13:03:49,0xa4c138057801ffff,energy_yesterday,0,zigbee_mqtt
2026-04-29 13:03:49,0xa4c138057801ffff,linkquality,144,zigbee_mqtt
2026-04-29 13:03:49,0xa4c138057801ffff,power,41.29,zigbee_mqtt
2026-04-29 13:03:49,0xa4c138057801ffff,state,ON,zigbee_mqtt
2026-04-29 13:03:49,0xa4c138057801ffff,voltage,236.45,zigbee_mqtt
2026-04-29 13:03:53,0xa4c138057801ffff,current,0.35,zigbee_mqtt
2026-04-29 13:03:53,0xa4c138057801ffff,energy,0.03,zigbee_mqtt
2026-04-29 13:03:53,0xa4c138057801ffff,energy_month,0.03,zigbee_mqtt
2026-04-29 13:03:53,0xa4c138057801ffff,energy_today,0.03,zigbee_mqtt
2026-04-29 13:03:53,0xa4c138057801ffff,energy_yesterday,0,zigbee_mqtt
2026-04-29 13:03:53,0xa4c138057801ffff,linkquality,144,zigbee_mqtt
2026-04-29 13:03:53,0xa4c138057801ffff,power,40.39,zigbee_mqtt
2026-04-29 13:03:53,0xa4c138057801ffff,state,ON,zigbee_mqtt
2026-04-29 13:03:53,0xa4c138057801ffff,voltage,236.45,zigbee_mqtt
2026-04-29 13:03:57,0xa4c1380538efffff,current,0,zigbee_mqtt
2026-04-29 13:03:57,0xa4c1380538efffff,energy,0,zigbee_mqtt
2026-04-29 13:03:57,0xa4c1380538efffff,energy_month,0,zigbee_mqtt
2026-04-29 13:03:57,0xa4c1380538efffff,energy_today,0,zigbee_mqtt
2026-04-29 13:03:57,0xa4c1380538efffff,energy_yesterday,0,zigbee_mqtt
2026-04-29 13:03:57,0xa4c1380538efffff,linkquality,204,zigbee_mqtt
2026-04-29 13:03:57,0xa4c1380538efffff,power,0,zigbee_mqtt
2026-04-29 13:03:57,0xa4c1380538efffff,state,OFF,zigbee_mqtt
2026-04-29 13:03:57,0xa4c1380538efffff,voltage,237.07,zigbee_mqtt
2026-04-29 13:03:59,0xa4c138057801ffff,current,0.21,zigbee_mqtt
2026-04-29 13:03:59,0xa4c138057801ffff,energy,0.03,zigbee_mqtt
2026-04-29 13:03:59,0xa4c138057801ffff,energy_month,0.03,zigbee_mqtt
2026-04-29 13:03:59,0xa4c138057801ffff,energy_today,0.03,zigbee_mqtt
2026-04-29 13:03:59,0xa4c138057801ffff,energy_yesterday,0,zigbee_mqtt
2026-04-29 13:03:59,0xa4c138057801ffff,linkquality,162,zigbee_mqtt
2026-04-29 13:03:59,0xa4c138057801ffff,power,40.39,zigbee_mqtt
2026-04-29 13:03:59,0xa4c138057801ffff,state,ON,zigbee_mqtt
2026-04-29 13:03:59,0xa4c138057801ffff,voltage,236.45,zigbee_mqtt
2026-04-29 13:04:03,0xa4c138057801ffff,current,0.21,zigbee_mqtt
2026-04-29 13:04:03,0xa4c138057801ffff,energy,0.03,zigbee_mqtt
2026-04-29 13:04:03,0xa4c138057801ffff,energy_month,0.03,zigbee_mqtt
2026-04-29 13:04:03,0xa4c138057801ffff,energy_today,0.03,zigbee_mqtt
2026-04-29 13:04:03,0xa4c138057801ffff,energy_yesterday,0,zigbee_mqtt
2026-04-29 13:04:03,0xa4c138057801ffff,linkquality,156,zigbee_mqtt
2026-04-29 13:04:03,0xa4c138057801ffff,power,40.32,zigbee_mqtt
2026-04-29 13:04:03,0xa4c138057801ffff,state,ON,zigbee_mqtt
2026-04-29 13:04:03,0xa4c138057801ffff,voltage,236.45,zigbee_mqtt
2026-04-29 13:04:07,0xa4c1380538efffff,current,0,zigbee_mqtt
2026-04-29 13:04:07,0xa4c1380538efffff,energy,0,zigbee_mqtt
2026-04-29 13:04:07,0xa4c1380538efffff,energy_month,0,zigbee_mqtt
2026-04-29 13:04:07,0xa4c1380538efffff,energy_today,0,zigbee_mqtt
2026-04-29 13:04:07,0xa4c1380538efffff,energy_yesterday,0,zigbee_mqtt
2026-04-29 13:04:07,0xa4c1380538efffff,linkquality,207,zigbee_mqtt
2026-04-29 13:04:07,0xa4c1380538efffff,power,0,zigbee_mqtt
2026-04-29 13:04:07,0xa4c1380538efffff,state,OFF,zigbee_mqtt
2026-04-29 13:04:07,0xa4c1380538efffff,voltage,237.07,zigbee_mqtt
2026-04-29 13:04:09,0xa4c138057801ffff,current,0.35,zigbee_mqtt
2026-04-29 13:04:09,0xa4c138057801ffff,energy,0.03,zigbee_mqtt
2026-04-29 13:04:09,0xa4c138057801ffff,energy_month,0.03,zigbee_mqtt
2026-04-29 13:04:09,0xa4c138057801ffff,energy_today,0.03,zigbee_mqtt
2026-04-29 13:04:09,0xa4c138057801ffff,energy_yesterday,0,zigbee_mqtt
2026-04-29 13:04:09,0xa4c138057801ffff,linkquality,153,zigbee_mqtt
2026-04-29 13:04:09,0xa4c138057801ffff,power,40.32,zigbee_mqtt
2026-04-29 13:04:09,0xa4c138057801ffff,state,ON,zigbee_mqtt
2026-04-29 13:04:09,0xa4c138057801ffff,voltage,236.45,zigbee_mqtt
2026-04-29 13:04:13,0xa4c138057801ffff,current,0.35,zigbee_mqtt
2026-04-29 13:04:13,0xa4c138057801ffff,energy,0.03,zigbee_mqtt
2026-04-29 13:04:13,0xa4c138057801ffff,energy_month,0.03,zigbee_mqtt
2026-04-29 13:04:13,0xa4c138057801ffff,energy_today,0.03,zigbee_mqtt
2026-04-29 13:04:13,0xa4c138057801ffff,energy_yesterday,0,zigbee_mqtt
2026-04-29 13:04:13,0xa4c138057801ffff,linkquality,144,zigbee_mqtt
2026-04-29 13:04:13,0xa4c138057801ffff,power,40.39,zigbee_mqtt
2026-04-29 13:04:13,0xa4c138057801ffff,state,ON,zigbee_mqtt
2026-04-29 13:04:13,0xa4c138057801ffff,voltage,236.45,zigbee_mqtt
2026-04-29 13:04:17,0xa4c1380538efffff,current,0,zigbee_mqtt
2026-04-29 13:04:17,0xa4c1380538efffff,energy,0,zigbee_mqtt
2026-04-29 13:04:17,0xa4c1380538efffff,energy_month,0,zigbee_mqtt
2026-04-29 13:04:17,0xa4c1380538efffff,energy_today,0,zigbee_mqtt
2026-04-29 13:04:17,0xa4c1380538efffff,energy_yesterday,0,zigbee_mqtt
2026-04-29 13:04:17,0xa4c1380538efffff,linkquality,204,zigbee_mqtt
2026-04-29 13:04:17,0xa4c1380538efffff,power,0,zigbee_mqtt
2026-04-29 13:04:17,0xa4c1380538efffff,state,OFF,zigbee_mqtt
2026-04-29 13:04:17,0xa4c1380538efffff,voltage,237.07,zigbee_mqtt
2026-04-29 13:04:19,0xa4c138057801ffff,current,0.35,zigbee_mqtt
2026-04-29 13:04:19,0xa4c138057801ffff,energy,0.03,zigbee_mqtt
2026-04-29 13:04:19,0xa4c138057801ffff,energy_month,0.03,zigbee_mqtt
2026-04-29 13:04:19,0xa4c138057801ffff,energy_today,0.03,zigbee_mqtt
2026-04-29 13:04:19,0xa4c138057801ffff,energy_yesterday,0,zigbee_mqtt
2026-04-29 13:04:19,0xa4c138057801ffff,linkquality,144,zigbee_mqtt
2026-04-29 13:04:19,0xa4c138057801ffff,power,40.39,zigbee_mqtt
2026-04-29 13:04:19,0xa4c138057801ffff,state,ON,zigbee_mqtt
2026-04-29 13:04:19,0xa4c138057801ffff,voltage,236.45,zigbee_mqtt
2026-04-29 13:04:23,0xa4c138057801ffff,current,0.35,zigbee_mqtt
2026-04-29 13:04:23,0xa4c138057801ffff,energy,0.03,zigbee_mqtt
2026-04-29 13:04:23,0xa4c138057801ffff,energy_month,0.03,zigbee_mqtt
2026-04-29 13:04:23,0xa4c138057801ffff,energy_today,0.03,zigbee_mqtt
2026-04-29 13:04:23,0xa4c138057801ffff,energy_yesterday,0,zigbee_mqtt
2026-04-29 13:04:23,0xa4c138057801ffff,linkquality,153,zigbee_mqtt
2026-04-29 13:04:23,0xa4c138057801ffff,power,42.69,zigbee_mqtt
2026-04-29 13:04:23,0xa4c138057801ffff,state,ON,zigbee_mqtt
2026-04-29 13:04:23,0xa4c138057801ffff,voltage,236.45,zigbee_mqtt
2026-04-29 13:04:27,0xa4c1380538efffff,current,0,zigbee_mqtt
2026-04-29 13:04:27,0xa4c1380538efffff,energy,0,zigbee_mqtt
2026-04-29 13:04:27,0xa4c1380538efffff,energy_month,0,zigbee_mqtt
2026-04-29 13:04:27,0xa4c1380538efffff,energy_today,0,zigbee_mqtt
2026-04-29 13:04:27,0xa4c1380538efffff,energy_yesterday,0,zigbee_mqtt
2026-04-29 13:04:27,0xa4c1380538efffff,linkquality,204,zigbee_mqtt
2026-04-29 13:04:27,0xa4c1380538efffff,power,0,zigbee_mqtt
2026-04-29 13:04:27,0xa4c1380538efffff,state,OFF,zigbee_mqtt
2026-04-29 13:04:27,0xa4c1380538efffff,voltage,237.07,zigbee_mqtt
2026-04-29 13:04:29,0xa4c138057801ffff,current,0.36,zigbee_mqtt
2026-04-29 13:04:29,0xa4c138057801ffff,energy,0.03,zigbee_mqtt
2026-04-29 13:04:29,0xa4c138057801ffff,energy_month,0.03,zigbee_mqtt
2026-04-29 13:04:29,0xa4c138057801ffff,energy_today,0.03,zigbee_mqtt
2026-04-29 13:04:29,0xa4c138057801ffff,energy_yesterday,0,zigbee_mqtt
2026-04-29 13:04:29,0xa4c138057801ffff,linkquality,156,zigbee_mqtt
2026-04-29 13:04:29,0xa4c138057801ffff,power,42.69,zigbee_mqtt
2026-04-29 13:04:29,0xa4c138057801ffff,state,ON,zigbee_mqtt
2026-04-29 13:04:29,0xa4c138057801ffff,voltage,236.45,zigbee_mqtt
2026-04-29 13:04:33,0xa4c138057801ffff,current,0.36,zigbee_mqtt
2026-04-29 13:04:33,0xa4c138057801ffff,energy,0.03,zigbee_mqtt
2026-04-29 13:04:33,0xa4c138057801ffff,energy_month,0.03,zigbee_mqtt
2026-04-29 13:04:33,0xa4c138057801ffff,energy_today,0.03,zigbee_mqtt
2026-04-29 13:04:33,0xa4c138057801ffff,energy_yesterday,0,zigbee_mqtt
2026-04-29 13:04:33,0xa4c138057801ffff,linkquality,156,zigbee_mqtt
2026-04-29 13:04:33,0xa4c138057801ffff,power,45.12,zigbee_mqtt
2026-04-29 13:04:33,0xa4c138057801ffff,state,ON,zigbee_mqtt
2026-04-29 13:04:33,0xa4c138057801ffff,voltage,236.45,zigbee_mqtt
2026-04-29 13:04:37,0xa4c1380538efffff,current,0,zigbee_mqtt
2026-04-29 13:04:37,0xa4c1380538efffff,energy,0,zigbee_mqtt
2026-04-29 13:04:37,0xa4c1380538efffff,energy_month,0,zigbee_mqtt
2026-04-29 13:04:37,0xa4c1380538efffff,energy_today,0,zigbee_mqtt
2026-04-29 13:04:37,0xa4c1380538efffff,energy_yesterday,0,zigbee_mqtt
2026-04-29 13:04:37,0xa4c1380538efffff,linkquality,204,zigbee_mqtt
2026-04-29 13:04:37,0xa4c1380538efffff,power,0,zigbee_mqtt
2026-04-29 13:04:37,0xa4c1380538efffff,state,OFF,zigbee_mqtt
2026-04-29 13:04:37,0xa4c1380538efffff,voltage,237.07,zigbee_mqtt
2026-04-29 13:04:39,0xa4c138057801ffff,current,0.23,zigbee_mqtt
2026-04-29 13:04:39,0xa4c138057801ffff,energy,0.03,zigbee_mqtt
2026-04-29 13:04:39,0xa4c138057801ffff,energy_month,0.03,zigbee_mqtt
2026-04-29 13:04:39,0xa4c138057801ffff,energy_today,0.03,zigbee_mqtt
2026-04-29 13:04:39,0xa4c138057801ffff,energy_yesterday,0,zigbee_mqtt
2026-04-29 13:04:39,0xa4c138057801ffff,linkquality,150,zigbee_mqtt
2026-04-29 13:04:39,0xa4c138057801ffff,power,45.12,zigbee_mqtt
2026-04-29 13:04:39,0xa4c138057801ffff,state,ON,zigbee_mqtt
2026-04-29 13:04:39,0xa4c138057801ffff,voltage,236.45,zigbee_mqtt
2026-04-29 13:04:43,0xa4c138057801ffff,current,0.23,zigbee_mqtt
2026-04-29 13:04:43,0xa4c138057801ffff,energy,0.03,zigbee_mqtt
2026-04-29 13:04:43,0xa4c138057801ffff,energy_month,0.03,zigbee_mqtt
2026-04-29 13:04:43,0xa4c138057801ffff,energy_today,0.03,zigbee_mqtt
2026-04-29 13:04:43,0xa4c138057801ffff,energy_yesterday,0,zigbee_mqtt
2026-04-29 13:04:43,0xa4c138057801ffff,linkquality,150,zigbee_mqtt
2026-04-29 13:04:43,0xa4c138057801ffff,power,46.94,zigbee_mqtt
2026-04-29 13:04:43,0xa4c138057801ffff,state,ON,zigbee_mqtt
2026-04-29 13:04:43,0xa4c138057801ffff,voltage,236.45,zigbee_mqtt
2026-04-29 13:04:47,0xa4c1380538efffff,current,0,zigbee_mqtt
2026-04-29 13:04:47,0xa4c1380538efffff,energy,0,zigbee_mqtt
2026-04-29 13:04:47,0xa4c1380538efffff,energy_month,0,zigbee_mqtt
2026-04-29 13:04:47,0xa4c1380538efffff,energy_today,0,zigbee_mqtt
2026-04-29 13:04:47,0xa4c1380538efffff,energy_yesterday,0,zigbee_mqtt
2026-04-29 13:04:47,0xa4c1380538efffff,linkquality,207,zigbee_mqtt
2026-04-29 13:04:47,0xa4c1380538efffff,power,0,zigbee_mqtt
2026-04-29 13:04:47,0xa4c1380538efffff,state,OFF,zigbee_mqtt
2026-04-29 13:04:47,0xa4c1380538efffff,voltage,237.07,zigbee_mqtt
2026-04-29 13:04:53,0xa4c138057801ffff,current,0.22,zigbee_mqtt
2026-04-29 13:04:53,0xa4c138057801ffff,energy,0.03,zigbee_mqtt
2026-04-29 13:04:53,0xa4c138057801ffff,energy_month,0.03,zigbee_mqtt
2026-04-29 13:04:53,0xa4c138057801ffff,energy_today,0.03,zigbee_mqtt
2026-04-29 13:04:53,0xa4c138057801ffff,energy_yesterday,0,zigbee_mqtt
2026-04-29 13:04:53,0xa4c138057801ffff,linkquality,147,zigbee_mqtt
2026-04-29 13:04:53,0xa4c138057801ffff,power,46.94,zigbee_mqtt
2026-04-29 13:04:53,0xa4c138057801ffff,state,ON,zigbee_mqtt
2026-04-29 13:04:53,0xa4c138057801ffff,voltage,236.45,zigbee_mqtt
2026-04-29 13:04:53,0xa4c138057801ffff,current,0.22,zigbee_mqtt
2026-04-29 13:04:53,0xa4c138057801ffff,energy,0.03,zigbee_mqtt
2026-04-29 13:04:53,0xa4c138057801ffff,energy_month,0.03,zigbee_mqtt
2026-04-29 13:04:53,0xa4c138057801ffff,energy_today,0.03,zigbee_mqtt
2026-04-29 13:04:53,0xa4c138057801ffff,energy_yesterday,0,zigbee_mqtt
2026-04-29 13:04:53,0xa4c138057801ffff,linkquality,144,zigbee_mqtt
2026-04-29 13:04:53,0xa4c138057801ffff,power,44.96,zigbee_mqtt
2026-04-29 13:04:53,0xa4c138057801ffff,state,ON,zigbee_mqtt
2026-04-29 13:04:53,0xa4c138057801ffff,voltage,236.45,zigbee_mqtt
2026-04-29 13:04:57,0xa4c1380538efffff,current,0,zigbee_mqtt
2026-04-29 13:04:57,0xa4c1380538efffff,energy,0,zigbee_mqtt
2026-04-29 13:04:57,0xa4c1380538efffff,energy_month,0,zigbee_mqtt
2026-04-29 13:04:57,0xa4c1380538efffff,energy_today,0,zigbee_mqtt
2026-04-29 13:04:57,0xa4c1380538efffff,energy_yesterday,0,zigbee_mqtt
2026-04-29 13:04:57,0xa4c1380538efffff,linkquality,207,zigbee_mqtt
2026-04-29 13:04:57,0xa4c1380538efffff,power,0,zigbee_mqtt
2026-04-29 13:04:57,0xa4c1380538efffff,state,OFF,zigbee_mqtt
2026-04-29 13:04:57,0xa4c1380538efffff,voltage,237.07,zigbee_mqtt
2026-04-29 13:05:03,0xa4c138057801ffff,current,0.24,zigbee_mqtt
2026-04-29 13:05:03,0xa4c138057801ffff,energy,0.03,zigbee_mqtt
2026-04-29 13:05:03,0xa4c138057801ffff,energy_month,0.03,zigbee_mqtt
2026-04-29 13:05:03,0xa4c138057801ffff,energy_today,0.03,zigbee_mqtt
2026-04-29 13:05:03,0xa4c138057801ffff,energy_yesterday,0,zigbee_mqtt
2026-04-29 13:05:03,0xa4c138057801ffff,linkquality,144,zigbee_mqtt
2026-04-29 13:05:03,0xa4c138057801ffff,power,44.96,zigbee_mqtt
2026-04-29 13:05:03,0xa4c138057801ffff,state,ON,zigbee_mqtt
2026-04-29 13:05:03,0xa4c138057801ffff,voltage,236.45,zigbee_mqtt
2026-04-29 13:05:03,0xa4c138057801ffff,current,0.24,zigbee_mqtt
2026-04-29 13:05:03,0xa4c138057801ffff,energy,0.03,zigbee_mqtt
2026-04-29 13:05:03,0xa4c138057801ffff,energy_month,0.03,zigbee_mqtt
2026-04-29 13:05:03,0xa4c138057801ffff,energy_today,0.03,zigbee_mqtt
2026-04-29 13:05:03,0xa4c138057801ffff,energy_yesterday,0,zigbee_mqtt
2026-04-29 13:05:03,0xa4c138057801ffff,linkquality,147,zigbee_mqtt
2026-04-29 13:05:03,0xa4c138057801ffff,power,47.21,zigbee_mqtt
2026-04-29 13:05:03,0xa4c138057801ffff,state,ON,zigbee_mqtt
2026-04-29 13:05:03,0xa4c138057801ffff,voltage,236.45,zigbee_mqtt
2026-04-29 13:05:07,0xa4c1380538efffff,current,0,zigbee_mqtt
2026-04-29 13:05:07,0xa4c1380538efffff,energy,0,zigbee_mqtt
2026-04-29 13:05:07,0xa4c1380538efffff,energy_month,0,zigbee_mqtt
2026-04-29 13:05:07,0xa4c1380538efffff,energy_today,0,zigbee_mqtt
2026-04-29 13:05:07,0xa4c1380538efffff,energy_yesterday,0,zigbee_mqtt
2026-04-29 13:05:07,0xa4c1380538efffff,linkquality,204,zigbee_mqtt
2026-04-29 13:05:07,0xa4c1380538efffff,power,0,zigbee_mqtt
2026-04-29 13:05:07,0xa4c1380538efffff,state,OFF,zigbee_mqtt
2026-04-29 13:05:07,0xa4c1380538efffff,voltage,237.07,zigbee_mqtt
2026-04-29 13:05:13,0xa4c138057801ffff,current,0.23,zigbee_mqtt
2026-04-29 13:05:13,0xa4c138057801ffff,energy,0.03,zigbee_mqtt
2026-04-29 13:05:13,0xa4c138057801ffff,energy_month,0.03,zigbee_mqtt
2026-04-29 13:05:13,0xa4c138057801ffff,energy_today,0.03,zigbee_mqtt
2026-04-29 13:05:13,0xa4c138057801ffff,energy_yesterday,0,zigbee_mqtt
2026-04-29 13:05:13,0xa4c138057801ffff,linkquality,147,zigbee_mqtt
2026-04-29 13:05:13,0xa4c138057801ffff,power,47.21,zigbee_mqtt
2026-04-29 13:05:13,0xa4c138057801ffff,state,ON,zigbee_mqtt
2026-04-29 13:05:13,0xa4c138057801ffff,voltage,236.45,zigbee_mqtt
2026-04-29 13:05:13,0xa4c138057801ffff,current,0.23,zigbee_mqtt
2026-04-29 13:05:13,0xa4c138057801ffff,energy,0.03,zigbee_mqtt
2026-04-29 13:05:13,0xa4c138057801ffff,energy_month,0.03,zigbee_mqtt
2026-04-29 13:05:13,0xa4c138057801ffff,energy_today,0.03,zigbee_mqtt
2026-04-29 13:05:13,0xa4c138057801ffff,energy_yesterday,0,zigbee_mqtt
2026-04-29 13:05:13,0xa4c138057801ffff,linkquality,150,zigbee_mqtt
2026-04-29 13:05:13,0xa4c138057801ffff,power,48.12,zigbee_mqtt
2026-04-29 13:05:13,0xa4c138057801ffff,state,ON,zigbee_mqtt
2026-04-29 13:05:13,0xa4c138057801ffff,voltage,236.45,zigbee_mqtt
2026-04-29 13:05:14,0xd44867fffe098162,battery,100,zigbee_mqtt
2026-04-29 13:05:14,0xd44867fffe098162,humidity,47.5,zigbee_mqtt
2026-04-29 13:05:14,0xd44867fffe098162,linkquality,219,zigbee_mqtt
2026-04-29 13:05:14,0xd44867fffe098162,temperature,23.6,zigbee_mqtt
2026-04-29 13:05:17,0xa4c1380538efffff,current,0,zigbee_mqtt
2026-04-29 13:05:17,0xa4c1380538efffff,energy,0,zigbee_mqtt
2026-04-29 13:05:17,0xa4c1380538efffff,energy_month,0,zigbee_mqtt
2026-04-29 13:05:17,0xa4c1380538efffff,energy_today,0,zigbee_mqtt
2026-04-29 13:05:17,0xa4c1380538efffff,energy_yesterday,0,zigbee_mqtt
2026-04-29 13:05:17,0xa4c1380538efffff,linkquality,207,zigbee_mqtt
2026-04-29 13:05:17,0xa4c1380538efffff,power,0,zigbee_mqtt
2026-04-29 13:05:17,0xa4c1380538efffff,state,OFF,zigbee_mqtt
2026-04-29 13:05:17,0xa4c1380538efffff,voltage,237.07,zigbee_mqtt
2026-04-29 13:05:23,0xa4c138057801ffff,current,0.23,zigbee_mqtt
2026-04-29 13:05:23,0xa4c138057801ffff,energy,0.03,zigbee_mqtt
2026-04-29 13:05:23,0xa4c138057801ffff,energy_month,0.03,zigbee_mqtt
2026-04-29 13:05:23,0xa4c138057801ffff,energy_today,0.03,zigbee_mqtt
2026-04-29 13:05:23,0xa4c138057801ffff,energy_yesterday,0,zigbee_mqtt
2026-04-29 13:05:23,0xa4c138057801ffff,linkquality,150,zigbee_mqtt
2026-04-29 13:05:23,0xa4c138057801ffff,power,48.98,zigbee_mqtt
2026-04-29 13:05:23,0xa4c138057801ffff,state,ON,zigbee_mqtt
2026-04-29 13:05:23,0xa4c138057801ffff,voltage,236.45,zigbee_mqtt
2026-04-29 13:05:26,0xa4c138057801ffff,current,0.23,zigbee_mqtt
2026-04-29 13:05:26,0xa4c138057801ffff,energy,0.03,zigbee_mqtt
2026-04-29 13:05:26,0xa4c138057801ffff,energy_month,0.03,zigbee_mqtt
2026-04-29 13:05:26,0xa4c138057801ffff,energy_today,0.03,zigbee_mqtt
2026-04-29 13:05:26,0xa4c138057801ffff,energy_yesterday,0,zigbee_mqtt
2026-04-29 13:05:26,0xa4c138057801ffff,linkquality,156,zigbee_mqtt
2026-04-29 13:05:26,0xa4c138057801ffff,power,48.98,zigbee_mqtt
2026-04-29 13:05:26,0xa4c138057801ffff,state,ON,zigbee_mqtt
2026-04-29 13:05:26,0xa4c138057801ffff,voltage,236.45,zigbee_mqtt
2026-04-29 13:05:27,0xa4c1380538efffff,current,0,zigbee_mqtt
2026-04-29 13:05:27,0xa4c1380538efffff,energy,0,zigbee_mqtt
2026-04-29 13:05:27,0xa4c1380538efffff,energy_month,0,zigbee_mqtt
2026-04-29 13:05:27,0xa4c1380538efffff,energy_today,0,zigbee_mqtt
2026-04-29 13:05:27,0xa4c1380538efffff,energy_yesterday,0,zigbee_mqtt
2026-04-29 13:05:27,0xa4c1380538efffff,linkquality,201,zigbee_mqtt
2026-04-29 13:05:27,0xa4c1380538efffff,power,0,zigbee_mqtt
2026-04-29 13:05:27,0xa4c1380538efffff,state,OFF,zigbee_mqtt
2026-04-29 13:05:27,0xa4c1380538efffff,voltage,237.07,zigbee_mqtt
2026-04-29 13:05:33,0xa4c138057801ffff,current,0.23,zigbee_mqtt
2026-04-29 13:05:33,0xa4c138057801ffff,energy,0.03,zigbee_mqtt
2026-04-29 13:05:33,0xa4c138057801ffff,energy_month,0.03,zigbee_mqtt
2026-04-29 13:05:33,0xa4c138057801ffff,energy_today,0.03,zigbee_mqtt
2026-04-29 13:05:33,0xa4c138057801ffff,energy_yesterday,0,zigbee_mqtt
2026-04-29 13:05:33,0xa4c138057801ffff,linkquality,147,zigbee_mqtt
2026-04-29 13:05:33,0xa4c138057801ffff,power,47.33,zigbee_mqtt
2026-04-29 13:05:33,0xa4c138057801ffff,state,ON,zigbee_mqtt
2026-04-29 13:05:33,0xa4c138057801ffff,voltage,236.45,zigbee_mqtt
2026-04-29 13:05:36,0xa4c138057801ffff,current,0.27,zigbee_mqtt
2026-04-29 13:05:36,0xa4c138057801ffff,energy,0.03,zigbee_mqtt
2026-04-29 13:05:36,0xa4c138057801ffff,energy_month,0.03,zigbee_mqtt
2026-04-29 13:05:36,0xa4c138057801ffff,energy_today,0.03,zigbee_mqtt
2026-04-29 13:05:36,0xa4c138057801ffff,energy_yesterday,0,zigbee_mqtt
2026-04-29 13:05:36,0xa4c138057801ffff,linkquality,147,zigbee_mqtt
2026-04-29 13:05:36,0xa4c138057801ffff,power,47.33,zigbee_mqtt
2026-04-29 13:05:36,0xa4c138057801ffff,state,ON,zigbee_mqtt
2026-04-29 13:05:36,0xa4c138057801ffff,voltage,236.45,zigbee_mqtt
2026-04-29 13:05:37,0xa4c1380538efffff,current,0,zigbee_mqtt
2026-04-29 13:05:37,0xa4c1380538efffff,energy,0,zigbee_mqtt
2026-04-29 13:05:37,0xa4c1380538efffff,energy_month,0,zigbee_mqtt
2026-04-29 13:05:37,0xa4c1380538efffff,energy_today,0,zigbee_mqtt
2026-04-29 13:05:37,0xa4c1380538efffff,energy_yesterday,0,zigbee_mqtt
2026-04-29 13:05:37,0xa4c1380538efffff,linkquality,207,zigbee_mqtt
2026-04-29 13:05:37,0xa4c1380538efffff,power,0,zigbee_mqtt
2026-04-29 13:05:37,0xa4c1380538efffff,state,OFF,zigbee_mqtt
2026-04-29 13:05:37,0xa4c1380538efffff,voltage,237.07,zigbee_mqtt
2026-04-29 13:05:43,0xa4c138057801ffff,current,0.27,zigbee_mqtt
2026-04-29 13:05:43,0xa4c138057801ffff,energy,0.03,zigbee_mqtt
2026-04-29 13:05:43,0xa4c138057801ffff,energy_month,0.03,zigbee_mqtt
2026-04-29 13:05:43,0xa4c138057801ffff,energy_today,0.03,zigbee_mqtt
2026-04-29 13:05:43,0xa4c138057801ffff,energy_yesterday,0,zigbee_mqtt
2026-04-29 13:05:43,0xa4c138057801ffff,linkquality,147,zigbee_mqtt
2026-04-29 13:05:43,0xa4c138057801ffff,power,48.51,zigbee_mqtt
2026-04-29 13:05:43,0xa4c138057801ffff,state,ON,zigbee_mqtt
2026-04-29 13:05:43,0xa4c138057801ffff,voltage,236.45,zigbee_mqtt
2026-04-29 13:05:46,0xa4c138057801ffff,current,0.23,zigbee_mqtt
2026-04-29 13:05:46,0xa4c138057801ffff,energy,0.03,zigbee_mqtt
2026-04-29 13:05:46,0xa4c138057801ffff,energy_month,0.03,zigbee_mqtt
2026-04-29 13:05:46,0xa4c138057801ffff,energy_today,0.03,zigbee_mqtt
2026-04-29 13:05:46,0xa4c138057801ffff,energy_yesterday,0,zigbee_mqtt
2026-04-29 13:05:46,0xa4c138057801ffff,linkquality,150,zigbee_mqtt
2026-04-29 13:05:46,0xa4c138057801ffff,power,48.51,zigbee_mqtt
2026-04-29 13:05:46,0xa4c138057801ffff,state,ON,zigbee_mqtt
2026-04-29 13:05:46,0xa4c138057801ffff,voltage,236.45,zigbee_mqtt
2026-04-29 13:05:47,0xa4c1380538efffff,current,0,zigbee_mqtt
2026-04-29 13:05:47,0xa4c1380538efffff,energy,0,zigbee_mqtt
2026-04-29 13:05:47,0xa4c1380538efffff,energy_month,0,zigbee_mqtt
2026-04-29 13:05:47,0xa4c1380538efffff,energy_today,0,zigbee_mqtt
2026-04-29 13:05:47,0xa4c1380538efffff,energy_yesterday,0,zigbee_mqtt
2026-04-29 13:05:47,0xa4c1380538efffff,linkquality,204,zigbee_mqtt
2026-04-29 13:05:47,0xa4c1380538efffff,power,0,zigbee_mqtt
2026-04-29 13:05:47,0xa4c1380538efffff,state,OFF,zigbee_mqtt
2026-04-29 13:05:47,0xa4c1380538efffff,voltage,237.07,zigbee_mqtt
2026-04-29 13:05:53,0xa4c138057801ffff,current,0.23,zigbee_mqtt
2026-04-29 13:05:53,0xa4c138057801ffff,energy,0.03,zigbee_mqtt
2026-04-29 13:05:53,0xa4c138057801ffff,energy_month,0.03,zigbee_mqtt
2026-04-29 13:05:53,0xa4c138057801ffff,energy_today,0.03,zigbee_mqtt
2026-04-29 13:05:53,0xa4c138057801ffff,energy_yesterday,0,zigbee_mqtt
2026-04-29 13:05:53,0xa4c138057801ffff,linkquality,147,zigbee_mqtt
2026-04-29 13:05:53,0xa4c138057801ffff,power,48.1,zigbee_mqtt
2026-04-29 13:05:53,0xa4c138057801ffff,state,ON,zigbee_mqtt
2026-04-29 13:05:53,0xa4c138057801ffff,voltage,236.45,zigbee_mqtt
2026-04-29 13:05:56,0xa4c138057801ffff,current,0.24,zigbee_mqtt
2026-04-29 13:05:56,0xa4c138057801ffff,energy,0.03,zigbee_mqtt
2026-04-29 13:05:56,0xa4c138057801ffff,energy_month,0.03,zigbee_mqtt
2026-04-29 13:05:56,0xa4c138057801ffff,energy_today,0.03,zigbee_mqtt
2026-04-29 13:05:56,0xa4c138057801ffff,energy_yesterday,0,zigbee_mqtt
2026-04-29 13:05:56,0xa4c138057801ffff,linkquality,147,zigbee_mqtt
2026-04-29 13:05:56,0xa4c138057801ffff,power,48.1,zigbee_mqtt
2026-04-29 13:05:56,0xa4c138057801ffff,state,ON,zigbee_mqtt
2026-04-29 13:05:56,0xa4c138057801ffff,voltage,236.45,zigbee_mqtt
2026-04-29 13:05:57,0xa4c1380538efffff,current,0,zigbee_mqtt
2026-04-29 13:05:57,0xa4c1380538efffff,energy,0,zigbee_mqtt
2026-04-29 13:05:57,0xa4c1380538efffff,energy_month,0,zigbee_mqtt
2026-04-29 13:05:57,0xa4c1380538efffff,energy_today,0,zigbee_mqtt
2026-04-29 13:05:57,0xa4c1380538efffff,energy_yesterday,0,zigbee_mqtt
2026-04-29 13:05:57,0xa4c1380538efffff,linkquality,207,zigbee_mqtt
2026-04-29 13:05:57,0xa4c1380538efffff,power,0,zigbee_mqtt
2026-04-29 13:05:57,0xa4c1380538efffff,state,OFF,zigbee_mqtt
2026-04-29 13:05:57,0xa4c1380538efffff,voltage,237.07,zigbee_mqtt
2026-04-29 13:06:03,0xa4c138057801ffff,current,0.24,zigbee_mqtt
2026-04-29 13:06:03,0xa4c138057801ffff,energy,0.03,zigbee_mqtt
2026-04-29 13:06:03,0xa4c138057801ffff,energy_month,0.03,zigbee_mqtt
2026-04-29 13:06:03,0xa4c138057801ffff,energy_today,0.03,zigbee_mqtt
2026-04-29 13:06:03,0xa4c138057801ffff,energy_yesterday,0,zigbee_mqtt
2026-04-29 13:06:03,0xa4c138057801ffff,linkquality,147,zigbee_mqtt
2026-04-29 13:06:03,0xa4c138057801ffff,power,52.98,zigbee_mqtt
2026-04-29 13:06:03,0xa4c138057801ffff,state,ON,zigbee_mqtt
2026-04-29 13:06:03,0xa4c138057801ffff,voltage,236.45,zigbee_mqtt
2026-04-29 13:06:06,0xa4c138057801ffff,current,0.26,zigbee_mqtt
2026-04-29 13:06:06,0xa4c138057801ffff,energy,0.03,zigbee_mqtt
2026-04-29 13:06:06,0xa4c138057801ffff,energy_month,0.03,zigbee_mqtt
2026-04-29 13:06:06,0xa4c138057801ffff,energy_today,0.03,zigbee_mqtt
2026-04-29 13:06:06,0xa4c138057801ffff,energy_yesterday,0,zigbee_mqtt
2026-04-29 13:06:06,0xa4c138057801ffff,linkquality,150,zigbee_mqtt
2026-04-29 13:06:06,0xa4c138057801ffff,power,52.98,zigbee_mqtt
2026-04-29 13:06:06,0xa4c138057801ffff,state,ON,zigbee_mqtt
2026-04-29 13:06:06,0xa4c138057801ffff,voltage,236.45,zigbee_mqtt
2026-04-29 13:06:07,0xa4c1380538efffff,current,0,zigbee_mqtt
2026-04-29 13:06:07,0xa4c1380538efffff,energy,0,zigbee_mqtt
2026-04-29 13:06:07,0xa4c1380538efffff,energy_month,0,zigbee_mqtt
2026-04-29 13:06:07,0xa4c1380538efffff,energy_today,0,zigbee_mqtt
2026-04-29 13:06:07,0xa4c1380538efffff,energy_yesterday,0,zigbee_mqtt
2026-04-29 13:06:07,0xa4c1380538efffff,linkquality,207,zigbee_mqtt
2026-04-29 13:06:07,0xa4c1380538efffff,power,0,zigbee_mqtt
2026-04-29 13:06:07,0xa4c1380538efffff,state,OFF,zigbee_mqtt
2026-04-29 13:06:07,0xa4c1380538efffff,voltage,237.07,zigbee_mqtt
2026-04-29 13:06:13,0xa4c138057801ffff,current,0.26,zigbee_mqtt
2026-04-29 13:06:13,0xa4c138057801ffff,energy,0.03,zigbee_mqtt
2026-04-29 13:06:13,0xa4c138057801ffff,energy_month,0.03,zigbee_mqtt
2026-04-29 13:06:13,0xa4c138057801ffff,energy_today,0.03,zigbee_mqtt
2026-04-29 13:06:13,0xa4c138057801ffff,energy_yesterday,0,zigbee_mqtt
2026-04-29 13:06:13,0xa4c138057801ffff,linkquality,144,zigbee_mqtt
2026-04-29 13:06:13,0xa4c138057801ffff,power,47.56,zigbee_mqtt
2026-04-29 13:06:13,0xa4c138057801ffff,state,ON,zigbee_mqtt
2026-04-29 13:06:13,0xa4c138057801ffff,voltage,236.45,zigbee_mqtt
2026-04-29 13:06:16,0xa4c138057801ffff,current,0.23,zigbee_mqtt
2026-04-29 13:06:16,0xa4c138057801ffff,energy,0.03,zigbee_mqtt
2026-04-29 13:06:16,0xa4c138057801ffff,energy_month,0.03,zigbee_mqtt
2026-04-29 13:06:16,0xa4c138057801ffff,energy_today,0.03,zigbee_mqtt
2026-04-29 13:06:16,0xa4c138057801ffff,energy_yesterday,0,zigbee_mqtt
2026-04-29 13:06:16,0xa4c138057801ffff,linkquality,147,zigbee_mqtt
2026-04-29 13:06:16,0xa4c138057801ffff,power,47.56,zigbee_mqtt
2026-04-29 13:06:16,0xa4c138057801ffff,state,ON,zigbee_mqtt
2026-04-29 13:06:16,0xa4c138057801ffff,voltage,236.45,zigbee_mqtt
2026-04-29 13:06:17,0xa4c1380538efffff,current,0,zigbee_mqtt
2026-04-29 13:06:17,0xa4c1380538efffff,energy,0,zigbee_mqtt
2026-04-29 13:06:17,0xa4c1380538efffff,energy_month,0,zigbee_mqtt
2026-04-29 13:06:17,0xa4c1380538efffff,energy_today,0,zigbee_mqtt
2026-04-29 13:06:17,0xa4c1380538efffff,energy_yesterday,0,zigbee_mqtt
2026-04-29 13:06:17,0xa4c1380538efffff,linkquality,207,zigbee_mqtt
2026-04-29 13:06:17,0xa4c1380538efffff,power,0,zigbee_mqtt
2026-04-29 13:06:17,0xa4c1380538efffff,state,OFF,zigbee_mqtt
2026-04-29 13:06:17,0xa4c1380538efffff,voltage,237.07,zigbee_mqtt
2026-04-29 13:06:23,0xa4c138057801ffff,current,0.23,zigbee_mqtt
2026-04-29 13:06:23,0xa4c138057801ffff,energy,0.03,zigbee_mqtt
2026-04-29 13:06:23,0xa4c138057801ffff,energy_month,0.03,zigbee_mqtt
2026-04-29 13:06:23,0xa4c138057801ffff,energy_today,0.03,zigbee_mqtt
2026-04-29 13:06:23,0xa4c138057801ffff,energy_yesterday,0,zigbee_mqtt
2026-04-29 13:06:23,0xa4c138057801ffff,linkquality,144,zigbee_mqtt
2026-04-29 13:06:23,0xa4c138057801ffff,power,28.58,zigbee_mqtt
2026-04-29 13:06:23,0xa4c138057801ffff,state,ON,zigbee_mqtt
2026-04-29 13:06:23,0xa4c138057801ffff,voltage,236.45,zigbee_mqtt
2026-04-29 13:06:26,0xa4c138057801ffff,current,0.15,zigbee_mqtt
2026-04-29 13:06:26,0xa4c138057801ffff,energy,0.03,zigbee_mqtt
2026-04-29 13:06:26,0xa4c138057801ffff,energy_month,0.03,zigbee_mqtt
2026-04-29 13:06:26,0xa4c138057801ffff,energy_today,0.03,zigbee_mqtt
2026-04-29 13:06:26,0xa4c138057801ffff,energy_yesterday,0,zigbee_mqtt
2026-04-29 13:06:26,0xa4c138057801ffff,linkquality,147,zigbee_mqtt
2026-04-29 13:06:26,0xa4c138057801ffff,power,28.58,zigbee_mqtt
2026-04-29 13:06:26,0xa4c138057801ffff,state,ON,zigbee_mqtt
2026-04-29 13:06:26,0xa4c138057801ffff,voltage,236.45,zigbee_mqtt
2026-04-29 13:06:27,0xa4c1380538efffff,current,0,zigbee_mqtt
2026-04-29 13:06:27,0xa4c1380538efffff,energy,0,zigbee_mqtt
2026-04-29 13:06:27,0xa4c1380538efffff,energy_month,0,zigbee_mqtt
2026-04-29 13:06:27,0xa4c1380538efffff,energy_today,0,zigbee_mqtt
2026-04-29 13:06:27,0xa4c1380538efffff,energy_yesterday,0,zigbee_mqtt
2026-04-29 13:06:27,0xa4c1380538efffff,linkquality,204,zigbee_mqtt
2026-04-29 13:06:27,0xa4c1380538efffff,power,0,zigbee_mqtt
2026-04-29 13:06:27,0xa4c1380538efffff,state,OFF,zigbee_mqtt
2026-04-29 13:06:27,0xa4c1380538efffff,voltage,237.07,zigbee_mqtt
2026-04-29 13:06:33,0xa4c138057801ffff,current,0.15,zigbee_mqtt
2026-04-29 13:06:33,0xa4c138057801ffff,energy,0.03,zigbee_mqtt
2026-04-29 13:06:33,0xa4c138057801ffff,energy_month,0.03,zigbee_mqtt
2026-04-29 13:06:33,0xa4c138057801ffff,energy_today,0.03,zigbee_mqtt
2026-04-29 13:06:33,0xa4c138057801ffff,energy_yesterday,0,zigbee_mqtt
2026-04-29 13:06:33,0xa4c138057801ffff,linkquality,144,zigbee_mqtt
2026-04-29 13:06:33,0xa4c138057801ffff,power,48.63,zigbee_mqtt
2026-04-29 13:06:33,0xa4c138057801ffff,state,ON,zigbee_mqtt
2026-04-29 13:06:33,0xa4c138057801ffff,voltage,236.45,zigbee_mqtt
2026-04-29 13:06:36,0xa4c138057801ffff,current,0.23,zigbee_mqtt
2026-04-29 13:06:36,0xa4c138057801ffff,energy,0.03,zigbee_mqtt
2026-04-29 13:06:36,0xa4c138057801ffff,energy_month,0.03,zigbee_mqtt
2026-04-29 13:06:36,0xa4c138057801ffff,energy_today,0.03,zigbee_mqtt
2026-04-29 13:06:36,0xa4c138057801ffff,energy_yesterday,0,zigbee_mqtt
2026-04-29 13:06:36,0xa4c138057801ffff,linkquality,135,zigbee_mqtt
2026-04-29 13:06:36,0xa4c138057801ffff,power,48.63,zigbee_mqtt
2026-04-29 13:06:36,0xa4c138057801ffff,state,ON,zigbee_mqtt
2026-04-29 13:06:36,0xa4c138057801ffff,voltage,236.45,zigbee_mqtt
2026-04-29 13:06:37,0xa4c1380538efffff,current,0,zigbee_mqtt
2026-04-29 13:06:37,0xa4c1380538efffff,energy,0,zigbee_mqtt
2026-04-29 13:06:37,0xa4c1380538efffff,energy_month,0,zigbee_mqtt
2026-04-29 13:06:37,0xa4c1380538efffff,energy_today,0,zigbee_mqtt
2026-04-29 13:06:37,0xa4c1380538efffff,energy_yesterday,0,zigbee_mqtt
2026-04-29 13:06:37,0xa4c1380538efffff,linkquality,204,zigbee_mqtt
2026-04-29 13:06:37,0xa4c1380538efffff,power,0,zigbee_mqtt
2026-04-29 13:06:37,0xa4c1380538efffff,state,OFF,zigbee_mqtt
2026-04-29 13:06:37,0xa4c1380538efffff,voltage,237.07,zigbee_mqtt
2026-04-29 13:06:43,0xa4c138057801ffff,current,0.23,zigbee_mqtt
2026-04-29 13:06:43,0xa4c138057801ffff,energy,0.03,zigbee_mqtt
2026-04-29 13:06:43,0xa4c138057801ffff,energy_month,0.03,zigbee_mqtt
2026-04-29 13:06:43,0xa4c138057801ffff,energy_today,0.03,zigbee_mqtt
2026-04-29 13:06:43,0xa4c138057801ffff,energy_yesterday,0,zigbee_mqtt
2026-04-29 13:06:43,0xa4c138057801ffff,linkquality,126,zigbee_mqtt
2026-04-29 13:06:43,0xa4c138057801ffff,power,58.07,zigbee_mqtt
2026-04-29 13:06:43,0xa4c138057801ffff,state,ON,zigbee_mqtt
2026-04-29 13:06:43,0xa4c138057801ffff,voltage,236.45,zigbee_mqtt
2026-04-29 13:06:46,0xa4c138057801ffff,current,0.25,zigbee_mqtt
2026-04-29 13:06:46,0xa4c138057801ffff,energy,0.03,zigbee_mqtt
2026-04-29 13:06:46,0xa4c138057801ffff,energy_month,0.03,zigbee_mqtt
2026-04-29 13:06:46,0xa4c138057801ffff,energy_today,0.03,zigbee_mqtt
2026-04-29 13:06:46,0xa4c138057801ffff,energy_yesterday,0,zigbee_mqtt
2026-04-29 13:06:46,0xa4c138057801ffff,linkquality,129,zigbee_mqtt
2026-04-29 13:06:46,0xa4c138057801ffff,power,58.07,zigbee_mqtt
2026-04-29 13:06:46,0xa4c138057801ffff,state,ON,zigbee_mqtt
2026-04-29 13:06:46,0xa4c138057801ffff,voltage,236.45,zigbee_mqtt
2026-04-29 13:06:47,0xa4c1380538efffff,current,0,zigbee_mqtt
2026-04-29 13:06:47,0xa4c1380538efffff,energy,0,zigbee_mqtt
2026-04-29 13:06:47,0xa4c1380538efffff,energy_month,0,zigbee_mqtt
2026-04-29 13:06:47,0xa4c1380538efffff,energy_today,0,zigbee_mqtt
2026-04-29 13:06:47,0xa4c1380538efffff,energy_yesterday,0,zigbee_mqtt
2026-04-29 13:06:47,0xa4c1380538efffff,linkquality,189,zigbee_mqtt
2026-04-29 13:06:47,0xa4c1380538efffff,power,0,zigbee_mqtt
2026-04-29 13:06:47,0xa4c1380538efffff,state,OFF,zigbee_mqtt
2026-04-29 13:06:47,0xa4c1380538efffff,voltage,237.07,zigbee_mqtt
2026-04-29 13:06:53,0xa4c138057801ffff,current,0.25,zigbee_mqtt
2026-04-29 13:06:53,0xa4c138057801ffff,energy,0.03,zigbee_mqtt
2026-04-29 13:06:53,0xa4c138057801ffff,energy_month,0.03,zigbee_mqtt
2026-04-29 13:06:53,0xa4c138057801ffff,energy_today,0.03,zigbee_mqtt
2026-04-29 13:06:53,0xa4c138057801ffff,energy_yesterday,0,zigbee_mqtt
2026-04-29 13:06:53,0xa4c138057801ffff,linkquality,126,zigbee_mqtt
2026-04-29 13:06:53,0xa4c138057801ffff,power,49.9,zigbee_mqtt
2026-04-29 13:06:53,0xa4c138057801ffff,state,ON,zigbee_mqtt
2026-04-29 13:06:53,0xa4c138057801ffff,voltage,236.45,zigbee_mqtt
2026-04-29 13:06:56,0xa4c138057801ffff,current,0.24,zigbee_mqtt
2026-04-29 13:06:56,0xa4c138057801ffff,energy,0.03,zigbee_mqtt
2026-04-29 13:06:56,0xa4c138057801ffff,energy_month,0.03,zigbee_mqtt
2026-04-29 13:06:56,0xa4c138057801ffff,energy_today,0.03,zigbee_mqtt
2026-04-29 13:06:56,0xa4c138057801ffff,energy_yesterday,0,zigbee_mqtt
2026-04-29 13:06:56,0xa4c138057801ffff,linkquality,126,zigbee_mqtt
2026-04-29 13:06:56,0xa4c138057801ffff,power,49.9,zigbee_mqtt
2026-04-29 13:06:56,0xa4c138057801ffff,state,ON,zigbee_mqtt
2026-04-29 13:06:56,0xa4c138057801ffff,voltage,236.45,zigbee_mqtt
2026-04-29 13:06:57,0xa4c1380538efffff,current,0,zigbee_mqtt
2026-04-29 13:06:57,0xa4c1380538efffff,energy,0,zigbee_mqtt
2026-04-29 13:06:57,0xa4c1380538efffff,energy_month,0,zigbee_mqtt
2026-04-29 13:06:57,0xa4c1380538efffff,energy_today,0,zigbee_mqtt
2026-04-29 13:06:57,0xa4c1380538efffff,energy_yesterday,0,zigbee_mqtt
2026-04-29 13:06:57,0xa4c1380538efffff,linkquality,210,zigbee_mqtt
2026-04-29 13:06:57,0xa4c1380538efffff,power,0,zigbee_mqtt
2026-04-29 13:06:57,0xa4c1380538efffff,state,OFF,zigbee_mqtt
2026-04-29 13:06:57,0xa4c1380538efffff,voltage,237.07,zigbee_mqtt
2026-04-29 13:07:03,0xa4c138057801ffff,current,0.24,zigbee_mqtt
2026-04-29 13:07:03,0xa4c138057801ffff,energy,0.03,zigbee_mqtt
2026-04-29 13:07:03,0xa4c138057801ffff,energy_month,0.03,zigbee_mqtt
2026-04-29 13:07:03,0xa4c138057801ffff,energy_today,0.03,zigbee_mqtt
2026-04-29 13:07:03,0xa4c138057801ffff,energy_yesterday,0,zigbee_mqtt
2026-04-29 13:07:03,0xa4c138057801ffff,linkquality,132,zigbee_mqtt
2026-04-29 13:07:03,0xa4c138057801ffff,power,52.6,zigbee_mqtt
2026-04-29 13:07:03,0xa4c138057801ffff,state,ON,zigbee_mqtt
2026-04-29 13:07:03,0xa4c138057801ffff,voltage,236.45,zigbee_mqtt
2026-04-29 13:07:06,0xa4c138057801ffff,current,0.25,zigbee_mqtt
2026-04-29 13:07:06,0xa4c138057801ffff,energy,0.03,zigbee_mqtt
2026-04-29 13:07:06,0xa4c138057801ffff,energy_month,0.03,zigbee_mqtt
2026-04-29 13:07:06,0xa4c138057801ffff,energy_today,0.03,zigbee_mqtt
2026-04-29 13:07:06,0xa4c138057801ffff,energy_yesterday,0,zigbee_mqtt
2026-04-29 13:07:06,0xa4c138057801ffff,linkquality,129,zigbee_mqtt
2026-04-29 13:07:06,0xa4c138057801ffff,power,52.6,zigbee_mqtt
2026-04-29 13:07:06,0xa4c138057801ffff,state,ON,zigbee_mqtt
2026-04-29 13:07:06,0xa4c138057801ffff,voltage,236.45,zigbee_mqtt
2026-04-29 13:07:07,0xa4c1380538efffff,current,0,zigbee_mqtt
2026-04-29 13:07:07,0xa4c1380538efffff,energy,0,zigbee_mqtt
2026-04-29 13:07:07,0xa4c1380538efffff,energy_month,0,zigbee_mqtt
2026-04-29 13:07:07,0xa4c1380538efffff,energy_today,0,zigbee_mqtt
2026-04-29 13:07:07,0xa4c1380538efffff,energy_yesterday,0,zigbee_mqtt
2026-04-29 13:07:07,0xa4c1380538efffff,linkquality,192,zigbee_mqtt
2026-04-29 13:07:07,0xa4c1380538efffff,power,0,zigbee_mqtt
2026-04-29 13:07:07,0xa4c1380538efffff,state,OFF,zigbee_mqtt
2026-04-29 13:07:07,0xa4c1380538efffff,voltage,237.07,zigbee_mqtt
2026-04-29 13:07:13,0xa4c138057801ffff,current,0.25,zigbee_mqtt
2026-04-29 13:07:13,0xa4c138057801ffff,energy,0.03,zigbee_mqtt
2026-04-29 13:07:13,0xa4c138057801ffff,energy_month,0.03,zigbee_mqtt
2026-04-29 13:07:13,0xa4c138057801ffff,energy_today,0.03,zigbee_mqtt
2026-04-29 13:07:13,0xa4c138057801ffff,energy_yesterday,0,zigbee_mqtt
2026-04-29 13:07:13,0xa4c138057801ffff,linkquality,129,zigbee_mqtt
2026-04-29 13:07:13,0xa4c138057801ffff,power,48.29,zigbee_mqtt
2026-04-29 13:07:13,0xa4c138057801ffff,state,ON,zigbee_mqtt
2026-04-29 13:07:13,0xa4c138057801ffff,voltage,236.45,zigbee_mqtt
2026-04-29 13:07:16,0xa4c138057801ffff,current,0.24,zigbee_mqtt
2026-04-29 13:07:16,0xa4c138057801ffff,energy,0.03,zigbee_mqtt
2026-04-29 13:07:16,0xa4c138057801ffff,energy_month,0.03,zigbee_mqtt
2026-04-29 13:07:16,0xa4c138057801ffff,energy_today,0.03,zigbee_mqtt
2026-04-29 13:07:16,0xa4c138057801ffff,energy_yesterday,0,zigbee_mqtt
2026-04-29 13:07:16,0xa4c138057801ffff,linkquality,129,zigbee_mqtt
2026-04-29 13:07:16,0xa4c138057801ffff,power,48.29,zigbee_mqtt
2026-04-29 13:07:16,0xa4c138057801ffff,state,ON,zigbee_mqtt
2026-04-29 13:07:16,0xa4c138057801ffff,voltage,236.45,zigbee_mqtt
2026-04-29 13:07:17,0xa4c1380538efffff,current,0,zigbee_mqtt
2026-04-29 13:07:17,0xa4c1380538efffff,energy,0,zigbee_mqtt
2026-04-29 13:07:17,0xa4c1380538efffff,energy_month,0,zigbee_mqtt
2026-04-29 13:07:17,0xa4c1380538efffff,energy_today,0,zigbee_mqtt
2026-04-29 13:07:17,0xa4c1380538efffff,energy_yesterday,0,zigbee_mqtt
2026-04-29 13:07:17,0xa4c1380538efffff,linkquality,198,zigbee_mqtt
2026-04-29 13:07:17,0xa4c1380538efffff,power,0,zigbee_mqtt
2026-04-29 13:07:17,0xa4c1380538efffff,state,OFF,zigbee_mqtt
2026-04-29 13:07:17,0xa4c1380538efffff,voltage,237.07,zigbee_mqtt
2026-04-29 13:07:23,0xa4c138057801ffff,current,0.24,zigbee_mqtt
2026-04-29 13:07:23,0xa4c138057801ffff,energy,0.03,zigbee_mqtt
2026-04-29 13:07:23,0xa4c138057801ffff,energy_month,0.03,zigbee_mqtt
2026-04-29 13:07:23,0xa4c138057801ffff,energy_today,0.03,zigbee_mqtt
2026-04-29 13:07:23,0xa4c138057801ffff,energy_yesterday,0,zigbee_mqtt
2026-04-29 13:07:23,0xa4c138057801ffff,linkquality,117,zigbee_mqtt
2026-04-29 13:07:23,0xa4c138057801ffff,power,49.31,zigbee_mqtt
2026-04-29 13:07:23,0xa4c138057801ffff,state,ON,zigbee_mqtt
2026-04-29 13:07:23,0xa4c138057801ffff,voltage,236.45,zigbee_mqtt
2026-04-29 13:07:26,0xa4c138057801ffff,current,0.25,zigbee_mqtt
2026-04-29 13:07:26,0xa4c138057801ffff,energy,0.03,zigbee_mqtt
2026-04-29 13:07:26,0xa4c138057801ffff,energy_month,0.03,zigbee_mqtt
2026-04-29 13:07:26,0xa4c138057801ffff,energy_today,0.03,zigbee_mqtt
2026-04-29 13:07:26,0xa4c138057801ffff,energy_yesterday,0,zigbee_mqtt
2026-04-29 13:07:26,0xa4c138057801ffff,linkquality,123,zigbee_mqtt
2026-04-29 13:07:26,0xa4c138057801ffff,power,49.31,zigbee_mqtt
2026-04-29 13:07:26,0xa4c138057801ffff,state,ON,zigbee_mqtt
2026-04-29 13:07:26,0xa4c138057801ffff,voltage,236.45,zigbee_mqtt
2026-04-29 13:07:27,0xa4c1380538efffff,current,0,zigbee_mqtt
2026-04-29 13:07:27,0xa4c1380538efffff,energy,0,zigbee_mqtt
2026-04-29 13:07:27,0xa4c1380538efffff,energy_month,0,zigbee_mqtt
2026-04-29 13:07:27,0xa4c1380538efffff,energy_today,0,zigbee_mqtt
2026-04-29 13:07:27,0xa4c1380538efffff,energy_yesterday,0,zigbee_mqtt
2026-04-29 13:07:27,0xa4c1380538efffff,linkquality,189,zigbee_mqtt
2026-04-29 13:07:27,0xa4c1380538efffff,power,0,zigbee_mqtt
2026-04-29 13:07:27,0xa4c1380538efffff,state,OFF,zigbee_mqtt
2026-04-29 13:07:27,0xa4c1380538efffff,voltage,237.07,zigbee_mqtt
2026-04-29 13:07:33,0xa4c138057801ffff,current,0.25,zigbee_mqtt
2026-04-29 13:07:33,0xa4c138057801ffff,energy,0.03,zigbee_mqtt
2026-04-29 13:07:33,0xa4c138057801ffff,energy_month,0.03,zigbee_mqtt
2026-04-29 13:07:33,0xa4c138057801ffff,energy_today,0.03,zigbee_mqtt
2026-04-29 13:07:33,0xa4c138057801ffff,energy_yesterday,0,zigbee_mqtt
2026-04-29 13:07:33,0xa4c138057801ffff,linkquality,120,zigbee_mqtt
2026-04-29 13:07:33,0xa4c138057801ffff,power,51.62,zigbee_mqtt
2026-04-29 13:07:33,0xa4c138057801ffff,state,ON,zigbee_mqtt
2026-04-29 13:07:33,0xa4c138057801ffff,voltage,236.45,zigbee_mqtt
2026-04-29 13:07:36,0xa4c138057801ffff,current,0.24,zigbee_mqtt
2026-04-29 13:07:36,0xa4c138057801ffff,energy,0.03,zigbee_mqtt
2026-04-29 13:07:36,0xa4c138057801ffff,energy_month,0.03,zigbee_mqtt
2026-04-29 13:07:36,0xa4c138057801ffff,energy_today,0.03,zigbee_mqtt
2026-04-29 13:07:36,0xa4c138057801ffff,energy_yesterday,0,zigbee_mqtt
2026-04-29 13:07:36,0xa4c138057801ffff,linkquality,129,zigbee_mqtt
2026-04-29 13:07:36,0xa4c138057801ffff,power,51.62,zigbee_mqtt
2026-04-29 13:07:36,0xa4c138057801ffff,state,ON,zigbee_mqtt
2026-04-29 13:07:36,0xa4c138057801ffff,voltage,236.45,zigbee_mqtt
2026-04-29 13:07:37,0xa4c1380538efffff,current,0,zigbee_mqtt
2026-04-29 13:07:37,0xa4c1380538efffff,energy,0,zigbee_mqtt
2026-04-29 13:07:37,0xa4c1380538efffff,energy_month,0,zigbee_mqtt
2026-04-29 13:07:37,0xa4c1380538efffff,energy_today,0,zigbee_mqtt
2026-04-29 13:07:37,0xa4c1380538efffff,energy_yesterday,0,zigbee_mqtt
2026-04-29 13:07:37,0xa4c1380538efffff,linkquality,195,zigbee_mqtt
2026-04-29 13:07:37,0xa4c1380538efffff,power,0,zigbee_mqtt
2026-04-29 13:07:37,0xa4c1380538efffff,state,OFF,zigbee_mqtt
2026-04-29 13:07:37,0xa4c1380538efffff,voltage,237.07,zigbee_mqtt
2026-04-29 13:07:43,0xa4c138057801ffff,current,0.24,zigbee_mqtt
2026-04-29 13:07:43,0xa4c138057801ffff,energy,0.03,zigbee_mqtt
2026-04-29 13:07:43,0xa4c138057801ffff,energy_month,0.03,zigbee_mqtt
2026-04-29 13:07:43,0xa4c138057801ffff,energy_today,0.03,zigbee_mqtt
2026-04-29 13:07:43,0xa4c138057801ffff,energy_yesterday,0,zigbee_mqtt
2026-04-29 13:07:43,0xa4c138057801ffff,linkquality,117,zigbee_mqtt
2026-04-29 13:07:43,0xa4c138057801ffff,power,49.35,zigbee_mqtt
2026-04-29 13:07:43,0xa4c138057801ffff,state,ON,zigbee_mqtt
2026-04-29 13:07:43,0xa4c138057801ffff,voltage,236.45,zigbee_mqtt
2026-04-29 13:07:46,0xa4c138057801ffff,current,0.24,zigbee_mqtt
2026-04-29 13:07:46,0xa4c138057801ffff,energy,0.03,zigbee_mqtt
2026-04-29 13:07:46,0xa4c138057801ffff,energy_month,0.03,zigbee_mqtt
2026-04-29 13:07:46,0xa4c138057801ffff,energy_today,0.03,zigbee_mqtt
2026-04-29 13:07:46,0xa4c138057801ffff,energy_yesterday,0,zigbee_mqtt
2026-04-29 13:07:46,0xa4c138057801ffff,linkquality,108,zigbee_mqtt
2026-04-29 13:07:46,0xa4c138057801ffff,power,49.35,zigbee_mqtt
2026-04-29 13:07:46,0xa4c138057801ffff,state,ON,zigbee_mqtt
2026-04-29 13:07:46,0xa4c138057801ffff,voltage,236.45,zigbee_mqtt
2026-04-29 13:07:47,0xa4c1380538efffff,current,0,zigbee_mqtt
2026-04-29 13:07:47,0xa4c1380538efffff,energy,0,zigbee_mqtt
2026-04-29 13:07:47,0xa4c1380538efffff,energy_month,0,zigbee_mqtt
2026-04-29 13:07:47,0xa4c1380538efffff,energy_today,0,zigbee_mqtt
2026-04-29 13:07:47,0xa4c1380538efffff,energy_yesterday,0,zigbee_mqtt
2026-04-29 13:07:47,0xa4c1380538efffff,linkquality,189,zigbee_mqtt
2026-04-29 13:07:47,0xa4c1380538efffff,power,0,zigbee_mqtt
2026-04-29 13:07:47,0xa4c1380538efffff,state,OFF,zigbee_mqtt
2026-04-29 13:07:47,0xa4c1380538efffff,voltage,237.07,zigbee_mqtt
2026-04-29 13:07:53,0xa4c138057801ffff,current,0.24,zigbee_mqtt
2026-04-29 13:07:53,0xa4c138057801ffff,energy,0.03,zigbee_mqtt
2026-04-29 13:07:53,0xa4c138057801ffff,energy_month,0.03,zigbee_mqtt
2026-04-29 13:07:53,0xa4c138057801ffff,energy_today,0.03,zigbee_mqtt
2026-04-29 13:07:53,0xa4c138057801ffff,energy_yesterday,0,zigbee_mqtt
2026-04-29 13:07:53,0xa4c138057801ffff,linkquality,111,zigbee_mqtt
2026-04-29 13:07:53,0xa4c138057801ffff,power,47.81,zigbee_mqtt
2026-04-29 13:07:53,0xa4c138057801ffff,state,ON,zigbee_mqtt
2026-04-29 13:07:53,0xa4c138057801ffff,voltage,236.45,zigbee_mqtt
2026-04-29 13:07:56,0xa4c138057801ffff,current,0.23,zigbee_mqtt
2026-04-29 13:07:56,0xa4c138057801ffff,energy,0.03,zigbee_mqtt
2026-04-29 13:07:56,0xa4c138057801ffff,energy_month,0.03,zigbee_mqtt
2026-04-29 13:07:56,0xa4c138057801ffff,energy_today,0.03,zigbee_mqtt
2026-04-29 13:07:56,0xa4c138057801ffff,energy_yesterday,0,zigbee_mqtt
2026-04-29 13:07:56,0xa4c138057801ffff,linkquality,120,zigbee_mqtt
2026-04-29 13:07:56,0xa4c138057801ffff,power,47.81,zigbee_mqtt
2026-04-29 13:07:56,0xa4c138057801ffff,state,ON,zigbee_mqtt
2026-04-29 13:07:56,0xa4c138057801ffff,voltage,236.45,zigbee_mqtt
2026-04-29 13:07:57,0xa4c1380538efffff,current,0,zigbee_mqtt
2026-04-29 13:07:57,0xa4c1380538efffff,energy,0,zigbee_mqtt
2026-04-29 13:07:57,0xa4c1380538efffff,energy_month,0,zigbee_mqtt
2026-04-29 13:07:57,0xa4c1380538efffff,energy_today,0,zigbee_mqtt
2026-04-29 13:07:57,0xa4c1380538efffff,energy_yesterday,0,zigbee_mqtt
2026-04-29 13:07:57,0xa4c1380538efffff,linkquality,192,zigbee_mqtt
2026-04-29 13:07:57,0xa4c1380538efffff,power,0,zigbee_mqtt
2026-04-29 13:07:57,0xa4c1380538efffff,state,OFF,zigbee_mqtt
2026-04-29 13:07:57,0xa4c1380538efffff,voltage,237.07,zigbee_mqtt
2026-04-29 13:08:00,0xd44867fffe098162,battery,100,zigbee_mqtt
2026-04-29 13:08:00,0xd44867fffe098162,humidity,48.5,zigbee_mqtt
2026-04-29 13:08:00,0xd44867fffe098162,linkquality,159,zigbee_mqtt
2026-04-29 13:08:00,0xd44867fffe098162,temperature,23.6,zigbee_mqtt
2026-04-29 13:08:03,0xa4c138057801ffff,current,0.23,zigbee_mqtt
2026-04-29 13:08:03,0xa4c138057801ffff,energy,0.03,zigbee_mqtt
2026-04-29 13:08:03,0xa4c138057801ffff,energy_month,0.03,zigbee_mqtt
2026-04-29 13:08:03,0xa4c138057801ffff,energy_today,0.03,zigbee_mqtt
2026-04-29 13:08:03,0xa4c138057801ffff,energy_yesterday,0,zigbee_mqtt
2026-04-29 13:08:03,0xa4c138057801ffff,linkquality,108,zigbee_mqtt
2026-04-29 13:08:03,0xa4c138057801ffff,power,48.77,zigbee_mqtt
2026-04-29 13:08:03,0xa4c138057801ffff,state,ON,zigbee_mqtt
2026-04-29 13:08:03,0xa4c138057801ffff,voltage,236.45,zigbee_mqtt
2026-04-29 13:08:07,0xa4c1380538efffff,current,0,zigbee_mqtt
2026-04-29 13:08:07,0xa4c1380538efffff,energy,0,zigbee_mqtt
2026-04-29 13:08:07,0xa4c1380538efffff,energy_month,0,zigbee_mqtt
2026-04-29 13:08:07,0xa4c1380538efffff,energy_today,0,zigbee_mqtt
2026-04-29 13:08:07,0xa4c1380538efffff,energy_yesterday,0,zigbee_mqtt
2026-04-29 13:08:07,0xa4c1380538efffff,linkquality,192,zigbee_mqtt
2026-04-29 13:08:07,0xa4c1380538efffff,power,0,zigbee_mqtt
2026-04-29 13:08:07,0xa4c1380538efffff,state,OFF,zigbee_mqtt
2026-04-29 13:08:07,0xa4c1380538efffff,voltage,237.07,zigbee_mqtt
2026-04-29 13:08:08,0xa4c138057801ffff,current,0.24,zigbee_mqtt
2026-04-29 13:08:08,0xa4c138057801ffff,energy,0.03,zigbee_mqtt
2026-04-29 13:08:08,0xa4c138057801ffff,energy_month,0.03,zigbee_mqtt
2026-04-29 13:08:08,0xa4c138057801ffff,energy_today,0.03,zigbee_mqtt
2026-04-29 13:08:08,0xa4c138057801ffff,energy_yesterday,0,zigbee_mqtt
2026-04-29 13:08:08,0xa4c138057801ffff,linkquality,111,zigbee_mqtt
2026-04-29 13:08:08,0xa4c138057801ffff,power,48.77,zigbee_mqtt
2026-04-29 13:08:08,0xa4c138057801ffff,state,ON,zigbee_mqtt
2026-04-29 13:08:08,0xa4c138057801ffff,voltage,236.45,zigbee_mqtt
2026-04-29 13:08:13,0xa4c138057801ffff,current,0.24,zigbee_mqtt
2026-04-29 13:08:13,0xa4c138057801ffff,energy,0.03,zigbee_mqtt
2026-04-29 13:08:13,0xa4c138057801ffff,energy_month,0.03,zigbee_mqtt
2026-04-29 13:08:13,0xa4c138057801ffff,energy_today,0.03,zigbee_mqtt
2026-04-29 13:08:13,0xa4c138057801ffff,energy_yesterday,0,zigbee_mqtt
2026-04-29 13:08:13,0xa4c138057801ffff,linkquality,102,zigbee_mqtt
2026-04-29 13:08:13,0xa4c138057801ffff,power,48.19,zigbee_mqtt
2026-04-29 13:08:13,0xa4c138057801ffff,state,ON,zigbee_mqtt
2026-04-29 13:08:13,0xa4c138057801ffff,voltage,236.45,zigbee_mqtt
2026-04-29 13:08:17,0xa4c1380538efffff,current,0,zigbee_mqtt
2026-04-29 13:08:17,0xa4c1380538efffff,energy,0,zigbee_mqtt
2026-04-29 13:08:17,0xa4c1380538efffff,energy_month,0,zigbee_mqtt
2026-04-29 13:08:17,0xa4c1380538efffff,energy_today,0,zigbee_mqtt
2026-04-29 13:08:17,0xa4c1380538efffff,energy_yesterday,0,zigbee_mqtt
2026-04-29 13:08:17,0xa4c1380538efffff,linkquality,192,zigbee_mqtt
2026-04-29 13:08:17,0xa4c1380538efffff,power,0,zigbee_mqtt
2026-04-29 13:08:17,0xa4c1380538efffff,state,OFF,zigbee_mqtt
2026-04-29 13:08:17,0xa4c1380538efffff,voltage,237.07,zigbee_mqtt
2026-04-29 13:08:18,0xa4c138057801ffff,current,0.23,zigbee_mqtt
2026-04-29 13:08:18,0xa4c138057801ffff,energy,0.03,zigbee_mqtt
2026-04-29 13:08:18,0xa4c138057801ffff,energy_month,0.03,zigbee_mqtt
2026-04-29 13:08:18,0xa4c138057801ffff,energy_today,0.03,zigbee_mqtt
2026-04-29 13:08:18,0xa4c138057801ffff,energy_yesterday,0,zigbee_mqtt
2026-04-29 13:08:18,0xa4c138057801ffff,linkquality,123,zigbee_mqtt
2026-04-29 13:08:18,0xa4c138057801ffff,power,48.19,zigbee_mqtt
2026-04-29 13:08:18,0xa4c138057801ffff,state,ON,zigbee_mqtt
2026-04-29 13:08:18,0xa4c138057801ffff,voltage,236.45,zigbee_mqtt
2026-04-29 13:08:23,0xa4c138057801ffff,current,0.23,zigbee_mqtt
2026-04-29 13:08:23,0xa4c138057801ffff,energy,0.03,zigbee_mqtt
2026-04-29 13:08:23,0xa4c138057801ffff,energy_month,0.03,zigbee_mqtt
2026-04-29 13:08:23,0xa4c138057801ffff,energy_today,0.03,zigbee_mqtt
2026-04-29 13:08:23,0xa4c138057801ffff,energy_yesterday,0,zigbee_mqtt
2026-04-29 13:08:23,0xa4c138057801ffff,linkquality,156,zigbee_mqtt
2026-04-29 13:08:23,0xa4c138057801ffff,power,51.69,zigbee_mqtt
2026-04-29 13:08:23,0xa4c138057801ffff,state,ON,zigbee_mqtt
2026-04-29 13:08:23,0xa4c138057801ffff,voltage,236.45,zigbee_mqtt
2026-04-29 13:08:27,0xa4c1380538efffff,current,0,zigbee_mqtt
2026-04-29 13:08:27,0xa4c1380538efffff,energy,0,zigbee_mqtt
2026-04-29 13:08:27,0xa4c1380538efffff,energy_month,0,zigbee_mqtt
2026-04-29 13:08:27,0xa4c1380538efffff,energy_today,0,zigbee_mqtt
2026-04-29 13:08:27,0xa4c1380538efffff,energy_yesterday,0,zigbee_mqtt
2026-04-29 13:08:27,0xa4c1380538efffff,linkquality,207,zigbee_mqtt
2026-04-29 13:08:27,0xa4c1380538efffff,power,0,zigbee_mqtt
2026-04-29 13:08:27,0xa4c1380538efffff,state,OFF,zigbee_mqtt
2026-04-29 13:08:27,0xa4c1380538efffff,voltage,237.07,zigbee_mqtt
2026-04-29 13:08:28,0xa4c138057801ffff,current,0.47,zigbee_mqtt
2026-04-29 13:08:28,0xa4c138057801ffff,energy,0.03,zigbee_mqtt
2026-04-29 13:08:28,0xa4c138057801ffff,energy_month,0.03,zigbee_mqtt
2026-04-29 13:08:28,0xa4c138057801ffff,energy_today,0.03,zigbee_mqtt
2026-04-29 13:08:28,0xa4c138057801ffff,energy_yesterday,0,zigbee_mqtt
2026-04-29 13:08:28,0xa4c138057801ffff,linkquality,153,zigbee_mqtt
2026-04-29 13:08:28,0xa4c138057801ffff,power,51.69,zigbee_mqtt
2026-04-29 13:08:28,0xa4c138057801ffff,state,ON,zigbee_mqtt
2026-04-29 13:08:28,0xa4c138057801ffff,voltage,236.45,zigbee_mqtt
2026-04-29 13:08:33,0xa4c138057801ffff,current,0.47,zigbee_mqtt
2026-04-29 13:08:33,0xa4c138057801ffff,energy,0.03,zigbee_mqtt
2026-04-29 13:08:33,0xa4c138057801ffff,energy_month,0.03,zigbee_mqtt
2026-04-29 13:08:33,0xa4c138057801ffff,energy_today,0.03,zigbee_mqtt
2026-04-29 13:08:33,0xa4c138057801ffff,energy_yesterday,0,zigbee_mqtt
2026-04-29 13:08:33,0xa4c138057801ffff,linkquality,150,zigbee_mqtt
2026-04-29 13:08:33,0xa4c138057801ffff,power,46.52,zigbee_mqtt
2026-04-29 13:08:33,0xa4c138057801ffff,state,ON,zigbee_mqtt
2026-04-29 13:08:33,0xa4c138057801ffff,voltage,236.45,zigbee_mqtt
2026-04-29 13:08:37,0xa4c1380538efffff,current,0,zigbee_mqtt
2026-04-29 13:08:37,0xa4c1380538efffff,energy,0,zigbee_mqtt
2026-04-29 13:08:37,0xa4c1380538efffff,energy_month,0,zigbee_mqtt
2026-04-29 13:08:37,0xa4c1380538efffff,energy_today,0,zigbee_mqtt
2026-04-29 13:08:37,0xa4c1380538efffff,energy_yesterday,0,zigbee_mqtt
2026-04-29 13:08:37,0xa4c1380538efffff,linkquality,195,zigbee_mqtt
2026-04-29 13:08:37,0xa4c1380538efffff,power,0,zigbee_mqtt
2026-04-29 13:08:37,0xa4c1380538efffff,state,OFF,zigbee_mqtt
2026-04-29 13:08:37,0xa4c1380538efffff,voltage,237.07,zigbee_mqtt
2026-04-29 13:08:38,0xa4c138057801ffff,current,0.26,zigbee_mqtt
2026-04-29 13:08:38,0xa4c138057801ffff,energy,0.03,zigbee_mqtt
2026-04-29 13:08:38,0xa4c138057801ffff,energy_month,0.03,zigbee_mqtt
2026-04-29 13:08:38,0xa4c138057801ffff,energy_today,0.03,zigbee_mqtt
2026-04-29 13:08:38,0xa4c138057801ffff,energy_yesterday,0,zigbee_mqtt
2026-04-29 13:08:38,0xa4c138057801ffff,linkquality,105,zigbee_mqtt
2026-04-29 13:08:38,0xa4c138057801ffff,power,46.52,zigbee_mqtt
2026-04-29 13:08:38,0xa4c138057801ffff,state,ON,zigbee_mqtt
2026-04-29 13:08:38,0xa4c138057801ffff,voltage,236.45,zigbee_mqtt
2026-04-29 13:08:43,0xa4c138057801ffff,current,0.26,zigbee_mqtt
2026-04-29 13:08:43,0xa4c138057801ffff,energy,0.03,zigbee_mqtt
2026-04-29 13:08:43,0xa4c138057801ffff,energy_month,0.03,zigbee_mqtt
2026-04-29 13:08:43,0xa4c138057801ffff,energy_today,0.03,zigbee_mqtt
2026-04-29 13:08:43,0xa4c138057801ffff,energy_yesterday,0,zigbee_mqtt
2026-04-29 13:08:43,0xa4c138057801ffff,linkquality,105,zigbee_mqtt
2026-04-29 13:08:43,0xa4c138057801ffff,power,52.61,zigbee_mqtt
2026-04-29 13:08:43,0xa4c138057801ffff,state,ON,zigbee_mqtt
2026-04-29 13:08:43,0xa4c138057801ffff,voltage,236.45,zigbee_mqtt
2026-04-29 13:08:47,0xa4c1380538efffff,current,0,zigbee_mqtt
2026-04-29 13:08:47,0xa4c1380538efffff,energy,0,zigbee_mqtt
2026-04-29 13:08:47,0xa4c1380538efffff,energy_month,0,zigbee_mqtt
2026-04-29 13:08:47,0xa4c1380538efffff,energy_today,0,zigbee_mqtt
2026-04-29 13:08:47,0xa4c1380538efffff,energy_yesterday,0,zigbee_mqtt
2026-04-29 13:08:47,0xa4c1380538efffff,linkquality,195,zigbee_mqtt
2026-04-29 13:08:47,0xa4c1380538efffff,power,0,zigbee_mqtt
2026-04-29 13:08:47,0xa4c1380538efffff,state,OFF,zigbee_mqtt
2026-04-29 13:08:47,0xa4c1380538efffff,voltage,237.07,zigbee_mqtt
2026-04-29 13:08:48,0xa4c138057801ffff,current,0.39,zigbee_mqtt
2026-04-29 13:08:48,0xa4c138057801ffff,energy,0.03,zigbee_mqtt
2026-04-29 13:08:48,0xa4c138057801ffff,energy_month,0.03,zigbee_mqtt
2026-04-29 13:08:48,0xa4c138057801ffff,energy_today,0.03,zigbee_mqtt
2026-04-29 13:08:48,0xa4c138057801ffff,energy_yesterday,0,zigbee_mqtt
2026-04-29 13:08:48,0xa4c138057801ffff,linkquality,120,zigbee_mqtt
2026-04-29 13:08:48,0xa4c138057801ffff,power,52.61,zigbee_mqtt
2026-04-29 13:08:48,0xa4c138057801ffff,state,ON,zigbee_mqtt
2026-04-29 13:08:48,0xa4c138057801ffff,voltage,236.45,zigbee_mqtt
2026-04-29 13:08:53,0xa4c138057801ffff,current,0.39,zigbee_mqtt
2026-04-29 13:08:53,0xa4c138057801ffff,energy,0.03,zigbee_mqtt
2026-04-29 13:08:53,0xa4c138057801ffff,energy_month,0.03,zigbee_mqtt
2026-04-29 13:08:53,0xa4c138057801ffff,energy_today,0.03,zigbee_mqtt
2026-04-29 13:08:53,0xa4c138057801ffff,energy_yesterday,0,zigbee_mqtt
2026-04-29 13:08:53,0xa4c138057801ffff,linkquality,108,zigbee_mqtt
2026-04-29 13:08:53,0xa4c138057801ffff,power,44.9,zigbee_mqtt
2026-04-29 13:08:53,0xa4c138057801ffff,state,ON,zigbee_mqtt
2026-04-29 13:08:53,0xa4c138057801ffff,voltage,236.45,zigbee_mqtt
2026-04-29 13:08:57,0xa4c1380538efffff,current,0,zigbee_mqtt
2026-04-29 13:08:57,0xa4c1380538efffff,energy,0,zigbee_mqtt
2026-04-29 13:08:57,0xa4c1380538efffff,energy_month,0,zigbee_mqtt
2026-04-29 13:08:57,0xa4c1380538efffff,energy_today,0,zigbee_mqtt
2026-04-29 13:08:57,0xa4c1380538efffff,energy_yesterday,0,zigbee_mqtt
2026-04-29 13:08:57,0xa4c1380538efffff,linkquality,195,zigbee_mqtt
2026-04-29 13:08:57,0xa4c1380538efffff,power,0,zigbee_mqtt
2026-04-29 13:08:57,0xa4c1380538efffff,state,OFF,zigbee_mqtt
2026-04-29 13:08:57,0xa4c1380538efffff,voltage,237.07,zigbee_mqtt
2026-04-29 13:08:58,0xa4c138057801ffff,current,0.44,zigbee_mqtt
2026-04-29 13:08:58,0xa4c138057801ffff,energy,0.03,zigbee_mqtt
2026-04-29 13:08:58,0xa4c138057801ffff,energy_month,0.03,zigbee_mqtt
2026-04-29 13:08:58,0xa4c138057801ffff,energy_today,0.03,zigbee_mqtt
2026-04-29 13:08:58,0xa4c138057801ffff,energy_yesterday,0,zigbee_mqtt
2026-04-29 13:08:58,0xa4c138057801ffff,linkquality,114,zigbee_mqtt
2026-04-29 13:08:58,0xa4c138057801ffff,power,44.9,zigbee_mqtt
2026-04-29 13:08:58,0xa4c138057801ffff,state,ON,zigbee_mqtt
2026-04-29 13:08:58,0xa4c138057801ffff,voltage,236.45,zigbee_mqtt
2026-04-29 13:09:03,0xa4c138057801ffff,current,0.44,zigbee_mqtt
2026-04-29 13:09:03,0xa4c138057801ffff,energy,0.03,zigbee_mqtt
2026-04-29 13:09:03,0xa4c138057801ffff,energy_month,0.03,zigbee_mqtt
2026-04-29 13:09:03,0xa4c138057801ffff,energy_today,0.03,zigbee_mqtt
2026-04-29 13:09:03,0xa4c138057801ffff,energy_yesterday,0,zigbee_mqtt
2026-04-29 13:09:03,0xa4c138057801ffff,linkquality,102,zigbee_mqtt
2026-04-29 13:09:03,0xa4c138057801ffff,power,46.42,zigbee_mqtt
2026-04-29 13:09:03,0xa4c138057801ffff,state,ON,zigbee_mqtt
2026-04-29 13:09:03,0xa4c138057801ffff,voltage,236.45,zigbee_mqtt
2026-04-29 13:09:07,0xa4c1380538efffff,current,0,zigbee_mqtt
2026-04-29 13:09:07,0xa4c1380538efffff,energy,0,zigbee_mqtt
2026-04-29 13:09:07,0xa4c1380538efffff,energy_month,0,zigbee_mqtt
2026-04-29 13:09:07,0xa4c1380538efffff,energy_today,0,zigbee_mqtt
2026-04-29 13:09:07,0xa4c1380538efffff,energy_yesterday,0,zigbee_mqtt
2026-04-29 13:09:07,0xa4c1380538efffff,linkquality,189,zigbee_mqtt
2026-04-29 13:09:07,0xa4c1380538efffff,power,0,zigbee_mqtt
2026-04-29 13:09:07,0xa4c1380538efffff,state,OFF,zigbee_mqtt
2026-04-29 13:09:07,0xa4c1380538efffff,voltage,237.07,zigbee_mqtt
2026-04-29 13:09:08,0xa4c138057801ffff,current,0.23,zigbee_mqtt
2026-04-29 13:09:08,0xa4c138057801ffff,energy,0.03,zigbee_mqtt
2026-04-29 13:09:08,0xa4c138057801ffff,energy_month,0.03,zigbee_mqtt
2026-04-29 13:09:08,0xa4c138057801ffff,energy_today,0.03,zigbee_mqtt
2026-04-29 13:09:08,0xa4c138057801ffff,energy_yesterday,0,zigbee_mqtt
2026-04-29 13:09:08,0xa4c138057801ffff,linkquality,105,zigbee_mqtt
2026-04-29 13:09:08,0xa4c138057801ffff,power,46.42,zigbee_mqtt
2026-04-29 13:09:08,0xa4c138057801ffff,state,ON,zigbee_mqtt
2026-04-29 13:09:08,0xa4c138057801ffff,voltage,236.45,zigbee_mqtt
2026-04-29 13:09:13,0xa4c138057801ffff,current,0.23,zigbee_mqtt
2026-04-29 13:09:13,0xa4c138057801ffff,energy,0.03,zigbee_mqtt
2026-04-29 13:09:13,0xa4c138057801ffff,energy_month,0.03,zigbee_mqtt
2026-04-29 13:09:13,0xa4c138057801ffff,energy_today,0.03,zigbee_mqtt
2026-04-29 13:09:13,0xa4c138057801ffff,energy_yesterday,0,zigbee_mqtt
2026-04-29 13:09:13,0xa4c138057801ffff,linkquality,84,zigbee_mqtt
2026-04-29 13:09:13,0xa4c138057801ffff,power,51.49,zigbee_mqtt
2026-04-29 13:09:13,0xa4c138057801ffff,state,ON,zigbee_mqtt
2026-04-29 13:09:13,0xa4c138057801ffff,voltage,236.45,zigbee_mqtt
2026-04-29 13:09:17,0xa4c1380538efffff,current,0,zigbee_mqtt
2026-04-29 13:09:17,0xa4c1380538efffff,energy,0,zigbee_mqtt
2026-04-29 13:09:17,0xa4c1380538efffff,energy_month,0,zigbee_mqtt
2026-04-29 13:09:17,0xa4c1380538efffff,energy_today,0,zigbee_mqtt
2026-04-29 13:09:17,0xa4c1380538efffff,energy_yesterday,0,zigbee_mqtt
2026-04-29 13:09:17,0xa4c1380538efffff,linkquality,204,zigbee_mqtt
2026-04-29 13:09:17,0xa4c1380538efffff,power,0,zigbee_mqtt
2026-04-29 13:09:17,0xa4c1380538efffff,state,OFF,zigbee_mqtt
2026-04-29 13:09:17,0xa4c1380538efffff,voltage,237.07,zigbee_mqtt
2026-04-29 13:09:18,0xa4c138057801ffff,current,0.37,zigbee_mqtt
2026-04-29 13:09:18,0xa4c138057801ffff,energy,0.03,zigbee_mqtt
2026-04-29 13:09:18,0xa4c138057801ffff,energy_month,0.03,zigbee_mqtt
2026-04-29 13:09:18,0xa4c138057801ffff,energy_today,0.03,zigbee_mqtt
2026-04-29 13:09:18,0xa4c138057801ffff,energy_yesterday,0,zigbee_mqtt
2026-04-29 13:09:18,0xa4c138057801ffff,linkquality,165,zigbee_mqtt
2026-04-29 13:09:18,0xa4c138057801ffff,power,51.49,zigbee_mqtt
2026-04-29 13:09:18,0xa4c138057801ffff,state,ON,zigbee_mqtt
2026-04-29 13:09:18,0xa4c138057801ffff,voltage,236.45,zigbee_mqtt
2026-04-29 13:09:23,0xa4c138057801ffff,current,0.37,zigbee_mqtt
2026-04-29 13:09:23,0xa4c138057801ffff,energy,0.03,zigbee_mqtt
2026-04-29 13:09:23,0xa4c138057801ffff,energy_month,0.03,zigbee_mqtt
2026-04-29 13:09:23,0xa4c138057801ffff,energy_today,0.03,zigbee_mqtt
2026-04-29 13:09:23,0xa4c138057801ffff,energy_yesterday,0,zigbee_mqtt
2026-04-29 13:09:23,0xa4c138057801ffff,linkquality,87,zigbee_mqtt
2026-04-29 13:09:23,0xa4c138057801ffff,power,48.57,zigbee_mqtt
2026-04-29 13:09:23,0xa4c138057801ffff,state,ON,zigbee_mqtt
2026-04-29 13:09:23,0xa4c138057801ffff,voltage,236.45,zigbee_mqtt
2026-04-29 13:09:27,0xa4c1380538efffff,current,0,zigbee_mqtt
2026-04-29 13:09:27,0xa4c1380538efffff,energy,0,zigbee_mqtt
2026-04-29 13:09:27,0xa4c1380538efffff,energy_month,0,zigbee_mqtt
2026-04-29 13:09:27,0xa4c1380538efffff,energy_today,0,zigbee_mqtt
2026-04-29 13:09:27,0xa4c1380538efffff,energy_yesterday,0,zigbee_mqtt
2026-04-29 13:09:27,0xa4c1380538efffff,linkquality,195,zigbee_mqtt
2026-04-29 13:09:27,0xa4c1380538efffff,power,0,zigbee_mqtt
2026-04-29 13:09:27,0xa4c1380538efffff,state,OFF,zigbee_mqtt
2026-04-29 13:09:27,0xa4c1380538efffff,voltage,237.07,zigbee_mqtt
2026-04-29 13:09:28,0xa4c138057801ffff,current,0.46,zigbee_mqtt
2026-04-29 13:09:28,0xa4c138057801ffff,energy,0.03,zigbee_mqtt
2026-04-29 13:09:28,0xa4c138057801ffff,energy_month,0.03,zigbee_mqtt
2026-04-29 13:09:28,0xa4c138057801ffff,energy_today,0.03,zigbee_mqtt
2026-04-29 13:09:28,0xa4c138057801ffff,energy_yesterday,0,zigbee_mqtt
2026-04-29 13:09:28,0xa4c138057801ffff,linkquality,90,zigbee_mqtt
2026-04-29 13:09:28,0xa4c138057801ffff,power,48.57,zigbee_mqtt
2026-04-29 13:09:28,0xa4c138057801ffff,state,ON,zigbee_mqtt
2026-04-29 13:09:28,0xa4c138057801ffff,voltage,236.45,zigbee_mqtt
2026-04-29 13:09:33,0xa4c138057801ffff,current,0.46,zigbee_mqtt
2026-04-29 13:09:33,0xa4c138057801ffff,energy,0.03,zigbee_mqtt
2026-04-29 13:09:33,0xa4c138057801ffff,energy_month,0.03,zigbee_mqtt
2026-04-29 13:09:33,0xa4c138057801ffff,energy_today,0.03,zigbee_mqtt
2026-04-29 13:09:33,0xa4c138057801ffff,energy_yesterday,0,zigbee_mqtt
2026-04-29 13:09:33,0xa4c138057801ffff,linkquality,138,zigbee_mqtt
2026-04-29 13:09:33,0xa4c138057801ffff,power,47.08,zigbee_mqtt
2026-04-29 13:09:33,0xa4c138057801ffff,state,ON,zigbee_mqtt
2026-04-29 13:09:33,0xa4c138057801ffff,voltage,236.45,zigbee_mqtt
2026-04-29 13:09:37,0xa4c1380538efffff,current,0,zigbee_mqtt
2026-04-29 13:09:37,0xa4c1380538efffff,energy,0,zigbee_mqtt
2026-04-29 13:09:37,0xa4c1380538efffff,energy_month,0,zigbee_mqtt
2026-04-29 13:09:37,0xa4c1380538efffff,energy_today,0,zigbee_mqtt
2026-04-29 13:09:37,0xa4c1380538efffff,energy_yesterday,0,zigbee_mqtt
2026-04-29 13:09:37,0xa4c1380538efffff,linkquality,198,zigbee_mqtt
2026-04-29 13:09:37,0xa4c1380538efffff,power,0,zigbee_mqtt
2026-04-29 13:09:37,0xa4c1380538efffff,state,OFF,zigbee_mqtt
2026-04-29 13:09:37,0xa4c1380538efffff,voltage,237.07,zigbee_mqtt
2026-04-29 13:09:38,0xa4c138057801ffff,current,0.24,zigbee_mqtt
2026-04-29 13:09:38,0xa4c138057801ffff,energy,0.03,zigbee_mqtt
2026-04-29 13:09:38,0xa4c138057801ffff,energy_month,0.03,zigbee_mqtt
2026-04-29 13:09:38,0xa4c138057801ffff,energy_today,0.03,zigbee_mqtt
2026-04-29 13:09:38,0xa4c138057801ffff,energy_yesterday,0,zigbee_mqtt
2026-04-29 13:09:38,0xa4c138057801ffff,linkquality,108,zigbee_mqtt
2026-04-29 13:09:38,0xa4c138057801ffff,power,47.08,zigbee_mqtt
2026-04-29 13:09:38,0xa4c138057801ffff,state,ON,zigbee_mqtt
2026-04-29 13:09:38,0xa4c138057801ffff,voltage,236.45,zigbee_mqtt
2026-04-29 13:09:43,0xa4c138057801ffff,current,0.24,zigbee_mqtt
2026-04-29 13:09:43,0xa4c138057801ffff,energy,0.03,zigbee_mqtt
2026-04-29 13:09:43,0xa4c138057801ffff,energy_month,0.03,zigbee_mqtt
2026-04-29 13:09:43,0xa4c138057801ffff,energy_today,0.03,zigbee_mqtt
2026-04-29 13:09:43,0xa4c138057801ffff,energy_yesterday,0,zigbee_mqtt
2026-04-29 13:09:43,0xa4c138057801ffff,linkquality,129,zigbee_mqtt
2026-04-29 13:09:43,0xa4c138057801ffff,power,53.97,zigbee_mqtt
2026-04-29 13:09:43,0xa4c138057801ffff,state,ON,zigbee_mqtt
2026-04-29 13:09:43,0xa4c138057801ffff,voltage,236.45,zigbee_mqtt
2026-04-29 13:09:47,0xa4c1380538efffff,current,0,zigbee_mqtt
2026-04-29 13:09:47,0xa4c1380538efffff,energy,0,zigbee_mqtt
2026-04-29 13:09:47,0xa4c1380538efffff,energy_month,0,zigbee_mqtt
2026-04-29 13:09:47,0xa4c1380538efffff,energy_today,0,zigbee_mqtt
2026-04-29 13:09:47,0xa4c1380538efffff,energy_yesterday,0,zigbee_mqtt
2026-04-29 13:09:47,0xa4c1380538efffff,linkquality,189,zigbee_mqtt
2026-04-29 13:09:47,0xa4c1380538efffff,power,0,zigbee_mqtt
2026-04-29 13:09:47,0xa4c1380538efffff,state,OFF,zigbee_mqtt
2026-04-29 13:09:47,0xa4c1380538efffff,voltage,237.07,zigbee_mqtt
2026-04-29 13:09:48,0xa4c138057801ffff,current,0.39,zigbee_mqtt
2026-04-29 13:09:48,0xa4c138057801ffff,energy,0.03,zigbee_mqtt
2026-04-29 13:09:48,0xa4c138057801ffff,energy_month,0.03,zigbee_mqtt
2026-04-29 13:09:48,0xa4c138057801ffff,energy_today,0.03,zigbee_mqtt
2026-04-29 13:09:48,0xa4c138057801ffff,energy_yesterday,0,zigbee_mqtt
2026-04-29 13:09:48,0xa4c138057801ffff,linkquality,126,zigbee_mqtt
2026-04-29 13:09:48,0xa4c138057801ffff,power,53.97,zigbee_mqtt
2026-04-29 13:09:48,0xa4c138057801ffff,state,ON,zigbee_mqtt
2026-04-29 13:09:48,0xa4c138057801ffff,voltage,236.45,zigbee_mqtt
2026-04-29 13:09:53,0xa4c138057801ffff,current,0.39,zigbee_mqtt
2026-04-29 13:09:53,0xa4c138057801ffff,energy,0.03,zigbee_mqtt
2026-04-29 13:09:53,0xa4c138057801ffff,energy_month,0.03,zigbee_mqtt
2026-04-29 13:09:53,0xa4c138057801ffff,energy_today,0.03,zigbee_mqtt
2026-04-29 13:09:53,0xa4c138057801ffff,energy_yesterday,0,zigbee_mqtt
2026-04-29 13:09:53,0xa4c138057801ffff,linkquality,126,zigbee_mqtt
2026-04-29 13:09:53,0xa4c138057801ffff,power,52.88,zigbee_mqtt
2026-04-29 13:09:53,0xa4c138057801ffff,state,ON,zigbee_mqtt
2026-04-29 13:09:53,0xa4c138057801ffff,voltage,236.45,zigbee_mqtt
2026-04-29 13:09:57,0xa4c1380538efffff,current,0,zigbee_mqtt
2026-04-29 13:09:57,0xa4c1380538efffff,energy,0,zigbee_mqtt
2026-04-29 13:09:57,0xa4c1380538efffff,energy_month,0,zigbee_mqtt
2026-04-29 13:09:57,0xa4c1380538efffff,energy_today,0,zigbee_mqtt
2026-04-29 13:09:57,0xa4c1380538efffff,energy_yesterday,0,zigbee_mqtt
2026-04-29 13:09:57,0xa4c1380538efffff,linkquality,192,zigbee_mqtt
2026-04-29 13:09:57,0xa4c1380538efffff,power,0,zigbee_mqtt
2026-04-29 13:09:57,0xa4c1380538efffff,state,OFF,zigbee_mqtt
2026-04-29 13:09:57,0xa4c1380538efffff,voltage,237.07,zigbee_mqtt
2026-04-29 13:09:58,0xa4c138057801ffff,current,0.21,zigbee_mqtt
2026-04-29 13:09:58,0xa4c138057801ffff,energy,0.03,zigbee_mqtt
2026-04-29 13:09:58,0xa4c138057801ffff,energy_month,0.03,zigbee_mqtt
2026-04-29 13:09:58,0xa4c138057801ffff,energy_today,0.03,zigbee_mqtt
2026-04-29 13:09:58,0xa4c138057801ffff,energy_yesterday,0,zigbee_mqtt
2026-04-29 13:09:58,0xa4c138057801ffff,linkquality,72,zigbee_mqtt
2026-04-29 13:09:58,0xa4c138057801ffff,power,52.88,zigbee_mqtt
2026-04-29 13:09:58,0xa4c138057801ffff,state,ON,zigbee_mqtt
2026-04-29 13:09:58,0xa4c138057801ffff,voltage,236.45,zigbee_mqtt
2026-04-29 13:10:03,0xa4c138057801ffff,current,0.21,zigbee_mqtt
2026-04-29 13:10:03,0xa4c138057801ffff,energy,0.03,zigbee_mqtt
2026-04-29 13:10:03,0xa4c138057801ffff,energy_month,0.03,zigbee_mqtt
2026-04-29 13:10:03,0xa4c138057801ffff,energy_today,0.03,zigbee_mqtt
2026-04-29 13:10:03,0xa4c138057801ffff,energy_yesterday,0,zigbee_mqtt
2026-04-29 13:10:03,0xa4c138057801ffff,linkquality,90,zigbee_mqtt
2026-04-29 13:10:03,0xa4c138057801ffff,power,42.63,zigbee_mqtt
2026-04-29 13:10:03,0xa4c138057801ffff,state,ON,zigbee_mqtt
2026-04-29 13:10:03,0xa4c138057801ffff,voltage,236.45,zigbee_mqtt
2026-04-29 13:10:07,0xa4c1380538efffff,current,0,zigbee_mqtt
2026-04-29 13:10:07,0xa4c1380538efffff,energy,0,zigbee_mqtt
2026-04-29 13:10:07,0xa4c1380538efffff,energy_month,0,zigbee_mqtt
2026-04-29 13:10:07,0xa4c1380538efffff,energy_today,0,zigbee_mqtt
2026-04-29 13:10:07,0xa4c1380538efffff,energy_yesterday,0,zigbee_mqtt
2026-04-29 13:10:07,0xa4c1380538efffff,linkquality,192,zigbee_mqtt
2026-04-29 13:10:07,0xa4c1380538efffff,power,0,zigbee_mqtt
2026-04-29 13:10:07,0xa4c1380538efffff,state,OFF,zigbee_mqtt
2026-04-29 13:10:07,0xa4c1380538efffff,voltage,237.07,zigbee_mqtt
2026-04-29 13:10:08,0xa4c138057801ffff,current,0.38,zigbee_mqtt
2026-04-29 13:10:08,0xa4c138057801ffff,energy,0.03,zigbee_mqtt
2026-04-29 13:10:08,0xa4c138057801ffff,energy_month,0.03,zigbee_mqtt
2026-04-29 13:10:08,0xa4c138057801ffff,energy_today,0.03,zigbee_mqtt
2026-04-29 13:10:08,0xa4c138057801ffff,energy_yesterday,0,zigbee_mqtt
2026-04-29 13:10:08,0xa4c138057801ffff,linkquality,57,zigbee_mqtt
2026-04-29 13:10:08,0xa4c138057801ffff,power,42.63,zigbee_mqtt
2026-04-29 13:10:08,0xa4c138057801ffff,state,ON,zigbee_mqtt
2026-04-29 13:10:08,0xa4c138057801ffff,voltage,236.45,zigbee_mqtt
2026-04-29 13:10:13,0xa4c138057801ffff,current,0.38,zigbee_mqtt
2026-04-29 13:10:13,0xa4c138057801ffff,energy,0.03,zigbee_mqtt
2026-04-29 13:10:13,0xa4c138057801ffff,energy_month,0.03,zigbee_mqtt
2026-04-29 13:10:13,0xa4c138057801ffff,energy_today,0.03,zigbee_mqtt
2026-04-29 13:10:13,0xa4c138057801ffff,energy_yesterday,0,zigbee_mqtt
2026-04-29 13:10:13,0xa4c138057801ffff,linkquality,138,zigbee_mqtt
2026-04-29 13:10:13,0xa4c138057801ffff,power,48.51,zigbee_mqtt
2026-04-29 13:10:13,0xa4c138057801ffff,state,ON,zigbee_mqtt
2026-04-29 13:10:13,0xa4c138057801ffff,voltage,236.45,zigbee_mqtt
2026-04-29 13:10:17,0xa4c1380538efffff,current,0,zigbee_mqtt
2026-04-29 13:10:17,0xa4c1380538efffff,energy,0,zigbee_mqtt
2026-04-29 13:10:17,0xa4c1380538efffff,energy_month,0,zigbee_mqtt
2026-04-29 13:10:17,0xa4c1380538efffff,energy_today,0,zigbee_mqtt
2026-04-29 13:10:17,0xa4c1380538efffff,energy_yesterday,0,zigbee_mqtt
2026-04-29 13:10:17,0xa4c1380538efffff,linkquality,195,zigbee_mqtt
2026-04-29 13:10:17,0xa4c1380538efffff,power,0,zigbee_mqtt
2026-04-29 13:10:17,0xa4c1380538efffff,state,OFF,zigbee_mqtt
2026-04-29 13:10:17,0xa4c1380538efffff,voltage,237.07,zigbee_mqtt
2026-04-29 13:10:18,0xa4c138057801ffff,current,0.22,zigbee_mqtt
2026-04-29 13:10:18,0xa4c138057801ffff,energy,0.03,zigbee_mqtt
2026-04-29 13:10:18,0xa4c138057801ffff,energy_month,0.03,zigbee_mqtt
2026-04-29 13:10:18,0xa4c138057801ffff,energy_today,0.03,zigbee_mqtt
2026-04-29 13:10:18,0xa4c138057801ffff,energy_yesterday,0,zigbee_mqtt
2026-04-29 13:10:18,0xa4c138057801ffff,linkquality,129,zigbee_mqtt
2026-04-29 13:10:18,0xa4c138057801ffff,power,48.51,zigbee_mqtt
2026-04-29 13:10:18,0xa4c138057801ffff,state,ON,zigbee_mqtt
2026-04-29 13:10:18,0xa4c138057801ffff,voltage,236.45,zigbee_mqtt
2026-04-29 13:10:23,0xa4c138057801ffff,current,0.22,zigbee_mqtt
2026-04-29 13:10:23,0xa4c138057801ffff,energy,0.03,zigbee_mqtt
2026-04-29 13:10:23,0xa4c138057801ffff,energy_month,0.03,zigbee_mqtt
2026-04-29 13:10:23,0xa4c138057801ffff,energy_today,0.03,zigbee_mqtt
2026-04-29 13:10:23,0xa4c138057801ffff,energy_yesterday,0,zigbee_mqtt
2026-04-29 13:10:23,0xa4c138057801ffff,linkquality,126,zigbee_mqtt
2026-04-29 13:10:23,0xa4c138057801ffff,power,45.57,zigbee_mqtt
2026-04-29 13:10:23,0xa4c138057801ffff,state,ON,zigbee_mqtt
2026-04-29 13:10:23,0xa4c138057801ffff,voltage,236.45,zigbee_mqtt
2026-04-29 13:10:27,0xa4c1380538efffff,current,0,zigbee_mqtt
2026-04-29 13:10:27,0xa4c1380538efffff,energy,0,zigbee_mqtt
2026-04-29 13:10:27,0xa4c1380538efffff,energy_month,0,zigbee_mqtt
2026-04-29 13:10:27,0xa4c1380538efffff,energy_today,0,zigbee_mqtt
2026-04-29 13:10:27,0xa4c1380538efffff,energy_yesterday,0,zigbee_mqtt
2026-04-29 13:10:27,0xa4c1380538efffff,linkquality,201,zigbee_mqtt
2026-04-29 13:10:27,0xa4c1380538efffff,power,0,zigbee_mqtt
2026-04-29 13:10:27,0xa4c1380538efffff,state,OFF,zigbee_mqtt
2026-04-29 13:10:27,0xa4c1380538efffff,voltage,237.07,zigbee_mqtt
2026-04-29 13:10:28,0xa4c138057801ffff,current,0.22,zigbee_mqtt
2026-04-29 13:10:28,0xa4c138057801ffff,energy,0.03,zigbee_mqtt
2026-04-29 13:10:28,0xa4c138057801ffff,energy_month,0.03,zigbee_mqtt
2026-04-29 13:10:28,0xa4c138057801ffff,energy_today,0.03,zigbee_mqtt
2026-04-29 13:10:28,0xa4c138057801ffff,energy_yesterday,0,zigbee_mqtt
2026-04-29 13:10:28,0xa4c138057801ffff,linkquality,141,zigbee_mqtt
2026-04-29 13:10:28,0xa4c138057801ffff,power,45.57,zigbee_mqtt
2026-04-29 13:10:28,0xa4c138057801ffff,state,ON,zigbee_mqtt
2026-04-29 13:10:28,0xa4c138057801ffff,voltage,236.45,zigbee_mqtt
2026-04-29 13:10:30,0xd44867fffe098162,battery,100,zigbee_mqtt
2026-04-29 13:10:30,0xd44867fffe098162,humidity,48.5,zigbee_mqtt
2026-04-29 13:10:30,0xd44867fffe098162,linkquality,144,zigbee_mqtt
2026-04-29 13:10:30,0xd44867fffe098162,temperature,24.1,zigbee_mqtt
2026-04-29 13:10:33,0xa4c138057801ffff,current,0.22,zigbee_mqtt
2026-04-29 13:10:33,0xa4c138057801ffff,energy,0.03,zigbee_mqtt
2026-04-29 13:10:33,0xa4c138057801ffff,energy_month,0.03,zigbee_mqtt
2026-04-29 13:10:33,0xa4c138057801ffff,energy_today,0.03,zigbee_mqtt
2026-04-29 13:10:33,0xa4c138057801ffff,energy_yesterday,0,zigbee_mqtt
2026-04-29 13:10:33,0xa4c138057801ffff,linkquality,144,zigbee_mqtt
2026-04-29 13:10:33,0xa4c138057801ffff,power,44.04,zigbee_mqtt
2026-04-29 13:10:33,0xa4c138057801ffff,state,ON,zigbee_mqtt
2026-04-29 13:10:33,0xa4c138057801ffff,voltage,236.45,zigbee_mqtt
2026-04-29 13:10:37,0xa4c1380538efffff,current,0,zigbee_mqtt
2026-04-29 13:10:37,0xa4c1380538efffff,energy,0,zigbee_mqtt
2026-04-29 13:10:37,0xa4c1380538efffff,energy_month,0,zigbee_mqtt
2026-04-29 13:10:37,0xa4c1380538efffff,energy_today,0,zigbee_mqtt
2026-04-29 13:10:37,0xa4c1380538efffff,energy_yesterday,0,zigbee_mqtt
2026-04-29 13:10:37,0xa4c1380538efffff,linkquality,189,zigbee_mqtt
2026-04-29 13:10:37,0xa4c1380538efffff,power,0,zigbee_mqtt
2026-04-29 13:10:37,0xa4c1380538efffff,state,OFF,zigbee_mqtt
2026-04-29 13:10:37,0xa4c1380538efffff,voltage,237.07,zigbee_mqtt
2026-04-29 13:10:38,0xa4c138057801ffff,current,0.37,zigbee_mqtt
2026-04-29 13:10:38,0xa4c138057801ffff,energy,0.03,zigbee_mqtt
2026-04-29 13:10:38,0xa4c138057801ffff,energy_month,0.03,zigbee_mqtt
2026-04-29 13:10:38,0xa4c138057801ffff,energy_today,0.03,zigbee_mqtt
2026-04-29 13:10:38,0xa4c138057801ffff,energy_yesterday,0,zigbee_mqtt
2026-04-29 13:10:38,0xa4c138057801ffff,linkquality,147,zigbee_mqtt
2026-04-29 13:10:38,0xa4c138057801ffff,power,44.04,zigbee_mqtt
2026-04-29 13:10:38,0xa4c138057801ffff,state,ON,zigbee_mqtt
2026-04-29 13:10:38,0xa4c138057801ffff,voltage,236.45,zigbee_mqtt
2026-04-29 13:10:43,0xa4c138057801ffff,current,0.37,zigbee_mqtt
2026-04-29 13:10:43,0xa4c138057801ffff,energy,0.03,zigbee_mqtt
2026-04-29 13:10:43,0xa4c138057801ffff,energy_month,0.03,zigbee_mqtt
2026-04-29 13:10:43,0xa4c138057801ffff,energy_today,0.03,zigbee_mqtt
2026-04-29 13:10:43,0xa4c138057801ffff,energy_yesterday,0,zigbee_mqtt
2026-04-29 13:10:43,0xa4c138057801ffff,linkquality,141,zigbee_mqtt
2026-04-29 13:10:43,0xa4c138057801ffff,power,44.02,zigbee_mqtt
2026-04-29 13:10:43,0xa4c138057801ffff,state,ON,zigbee_mqtt
2026-04-29 13:10:43,0xa4c138057801ffff,voltage,236.45,zigbee_mqtt
2026-04-29 13:10:47,0xa4c1380538efffff,current,0,zigbee_mqtt
2026-04-29 13:10:47,0xa4c1380538efffff,energy,0,zigbee_mqtt
2026-04-29 13:10:47,0xa4c1380538efffff,energy_month,0,zigbee_mqtt
2026-04-29 13:10:47,0xa4c1380538efffff,energy_today,0,zigbee_mqtt
2026-04-29 13:10:47,0xa4c1380538efffff,energy_yesterday,0,zigbee_mqtt
2026-04-29 13:10:47,0xa4c1380538efffff,linkquality,186,zigbee_mqtt
2026-04-29 13:10:47,0xa4c1380538efffff,power,0,zigbee_mqtt
2026-04-29 13:10:47,0xa4c1380538efffff,state,OFF,zigbee_mqtt
2026-04-29 13:10:47,0xa4c1380538efffff,voltage,237.07,zigbee_mqtt
2026-04-29 13:10:48,0xa4c138057801ffff,current,0.37,zigbee_mqtt
2026-04-29 13:10:48,0xa4c138057801ffff,energy,0.03,zigbee_mqtt
2026-04-29 13:10:48,0xa4c138057801ffff,energy_month,0.03,zigbee_mqtt
2026-04-29 13:10:48,0xa4c138057801ffff,energy_today,0.03,zigbee_mqtt
2026-04-29 13:10:48,0xa4c138057801ffff,energy_yesterday,0,zigbee_mqtt
2026-04-29 13:10:48,0xa4c138057801ffff,linkquality,150,zigbee_mqtt
2026-04-29 13:10:48,0xa4c138057801ffff,power,44.02,zigbee_mqtt
2026-04-29 13:10:48,0xa4c138057801ffff,state,ON,zigbee_mqtt
2026-04-29 13:10:48,0xa4c138057801ffff,voltage,236.45,zigbee_mqtt
2026-04-29 13:10:53,0xa4c138057801ffff,current,0.37,zigbee_mqtt
2026-04-29 13:10:53,0xa4c138057801ffff,energy,0.03,zigbee_mqtt
2026-04-29 13:10:53,0xa4c138057801ffff,energy_month,0.03,zigbee_mqtt
2026-04-29 13:10:53,0xa4c138057801ffff,energy_today,0.03,zigbee_mqtt
2026-04-29 13:10:53,0xa4c138057801ffff,energy_yesterday,0,zigbee_mqtt
2026-04-29 13:10:53,0xa4c138057801ffff,linkquality,150,zigbee_mqtt
2026-04-29 13:10:53,0xa4c138057801ffff,power,43.38,zigbee_mqtt
2026-04-29 13:10:53,0xa4c138057801ffff,state,ON,zigbee_mqtt
2026-04-29 13:10:53,0xa4c138057801ffff,voltage,236.45,zigbee_mqtt
2026-04-29 13:10:57,0xa4c1380538efffff,current,0,zigbee_mqtt
2026-04-29 13:10:57,0xa4c1380538efffff,energy,0,zigbee_mqtt
2026-04-29 13:10:57,0xa4c1380538efffff,energy_month,0,zigbee_mqtt
2026-04-29 13:10:57,0xa4c1380538efffff,energy_today,0,zigbee_mqtt
2026-04-29 13:10:57,0xa4c1380538efffff,energy_yesterday,0,zigbee_mqtt
2026-04-29 13:10:57,0xa4c1380538efffff,linkquality,192,zigbee_mqtt
2026-04-29 13:10:57,0xa4c1380538efffff,power,0,zigbee_mqtt
2026-04-29 13:10:57,0xa4c1380538efffff,state,OFF,zigbee_mqtt
2026-04-29 13:10:57,0xa4c1380538efffff,voltage,237.07,zigbee_mqtt
2026-04-29 13:10:58,0xa4c138057801ffff,current,0.38,zigbee_mqtt
2026-04-29 13:10:58,0xa4c138057801ffff,energy,0.03,zigbee_mqtt
2026-04-29 13:10:58,0xa4c138057801ffff,energy_month,0.03,zigbee_mqtt
2026-04-29 13:10:58,0xa4c138057801ffff,energy_today,0.03,zigbee_mqtt
2026-04-29 13:10:58,0xa4c138057801ffff,energy_yesterday,0,zigbee_mqtt
2026-04-29 13:10:58,0xa4c138057801ffff,linkquality,147,zigbee_mqtt
2026-04-29 13:10:58,0xa4c138057801ffff,power,43.38,zigbee_mqtt
2026-04-29 13:10:58,0xa4c138057801ffff,state,ON,zigbee_mqtt
2026-04-29 13:10:58,0xa4c138057801ffff,voltage,236.45,zigbee_mqtt
2026-04-29 13:11:03,0xa4c138057801ffff,current,0.38,zigbee_mqtt
2026-04-29 13:11:03,0xa4c138057801ffff,energy,0.03,zigbee_mqtt
2026-04-29 13:11:03,0xa4c138057801ffff,energy_month,0.03,zigbee_mqtt
2026-04-29 13:11:03,0xa4c138057801ffff,energy_today,0.03,zigbee_mqtt
2026-04-29 13:11:03,0xa4c138057801ffff,energy_yesterday,0,zigbee_mqtt
2026-04-29 13:11:03,0xa4c138057801ffff,linkquality,144,zigbee_mqtt
2026-04-29 13:11:03,0xa4c138057801ffff,power,43.32,zigbee_mqtt
2026-04-29 13:11:03,0xa4c138057801ffff,state,ON,zigbee_mqtt
2026-04-29 13:11:03,0xa4c138057801ffff,voltage,236.45,zigbee_mqtt
2026-04-29 13:11:07,0xa4c1380538efffff,current,0,zigbee_mqtt
2026-04-29 13:11:07,0xa4c1380538efffff,energy,0,zigbee_mqtt
2026-04-29 13:11:07,0xa4c1380538efffff,energy_month,0,zigbee_mqtt
2026-04-29 13:11:07,0xa4c1380538efffff,energy_today,0,zigbee_mqtt
2026-04-29 13:11:07,0xa4c1380538efffff,energy_yesterday,0,zigbee_mqtt
2026-04-29 13:11:07,0xa4c1380538efffff,linkquality,189,zigbee_mqtt
2026-04-29 13:11:07,0xa4c1380538efffff,power,0,zigbee_mqtt
2026-04-29 13:11:07,0xa4c1380538efffff,state,OFF,zigbee_mqtt
2026-04-29 13:11:07,0xa4c1380538efffff,voltage,237.07,zigbee_mqtt
2026-04-29 13:11:08,0xa4c138057801ffff,current,0.37,zigbee_mqtt
2026-04-29 13:11:08,0xa4c138057801ffff,energy,0.03,zigbee_mqtt
2026-04-29 13:11:08,0xa4c138057801ffff,energy_month,0.03,zigbee_mqtt
2026-04-29 13:11:08,0xa4c138057801ffff,energy_today,0.03,zigbee_mqtt
2026-04-29 13:11:08,0xa4c138057801ffff,energy_yesterday,0,zigbee_mqtt
2026-04-29 13:11:08,0xa4c138057801ffff,linkquality,144,zigbee_mqtt
2026-04-29 13:11:08,0xa4c138057801ffff,power,43.32,zigbee_mqtt
2026-04-29 13:11:08,0xa4c138057801ffff,state,ON,zigbee_mqtt
2026-04-29 13:11:08,0xa4c138057801ffff,voltage,236.45,zigbee_mqtt
2026-04-29 13:11:13,0xa4c138057801ffff,current,0.37,zigbee_mqtt
2026-04-29 13:11:13,0xa4c138057801ffff,energy,0.03,zigbee_mqtt
2026-04-29 13:11:13,0xa4c138057801ffff,energy_month,0.03,zigbee_mqtt
2026-04-29 13:11:13,0xa4c138057801ffff,energy_today,0.03,zigbee_mqtt
2026-04-29 13:11:13,0xa4c138057801ffff,energy_yesterday,0,zigbee_mqtt
2026-04-29 13:11:13,0xa4c138057801ffff,linkquality,144,zigbee_mqtt
2026-04-29 13:11:13,0xa4c138057801ffff,power,37.55,zigbee_mqtt
2026-04-29 13:11:13,0xa4c138057801ffff,state,ON,zigbee_mqtt
2026-04-29 13:11:13,0xa4c138057801ffff,voltage,236.45,zigbee_mqtt
2026-04-29 13:11:17,0xa4c1380538efffff,current,0,zigbee_mqtt
2026-04-29 13:11:17,0xa4c1380538efffff,energy,0,zigbee_mqtt
2026-04-29 13:11:17,0xa4c1380538efffff,energy_month,0,zigbee_mqtt
2026-04-29 13:11:17,0xa4c1380538efffff,energy_today,0,zigbee_mqtt
2026-04-29 13:11:17,0xa4c1380538efffff,energy_yesterday,0,zigbee_mqtt
2026-04-29 13:11:17,0xa4c1380538efffff,linkquality,210,zigbee_mqtt
2026-04-29 13:11:17,0xa4c1380538efffff,power,0,zigbee_mqtt
2026-04-29 13:11:17,0xa4c1380538efffff,state,OFF,zigbee_mqtt
2026-04-29 13:11:17,0xa4c1380538efffff,voltage,237.07,zigbee_mqtt
2026-04-29 13:11:18,0xa4c138057801ffff,current,0.32,zigbee_mqtt
2026-04-29 13:11:18,0xa4c138057801ffff,energy,0.03,zigbee_mqtt
2026-04-29 13:11:18,0xa4c138057801ffff,energy_month,0.03,zigbee_mqtt
2026-04-29 13:11:18,0xa4c138057801ffff,energy_today,0.03,zigbee_mqtt
2026-04-29 13:11:18,0xa4c138057801ffff,energy_yesterday,0,zigbee_mqtt
2026-04-29 13:11:18,0xa4c138057801ffff,linkquality,147,zigbee_mqtt
2026-04-29 13:11:18,0xa4c138057801ffff,power,37.55,zigbee_mqtt
2026-04-29 13:11:18,0xa4c138057801ffff,state,ON,zigbee_mqtt
2026-04-29 13:11:18,0xa4c138057801ffff,voltage,236.45,zigbee_mqtt
2026-04-29 13:11:23,0xa4c138057801ffff,current,0.32,zigbee_mqtt
2026-04-29 13:11:23,0xa4c138057801ffff,energy,0.03,zigbee_mqtt
2026-04-29 13:11:23,0xa4c138057801ffff,energy_month,0.03,zigbee_mqtt
2026-04-29 13:11:23,0xa4c138057801ffff,energy_today,0.03,zigbee_mqtt
2026-04-29 13:11:23,0xa4c138057801ffff,energy_yesterday,0,zigbee_mqtt
2026-04-29 13:11:23,0xa4c138057801ffff,linkquality,153,zigbee_mqtt
2026-04-29 13:11:23,0xa4c138057801ffff,power,37.47,zigbee_mqtt
2026-04-29 13:11:23,0xa4c138057801ffff,state,ON,zigbee_mqtt
2026-04-29 13:11:23,0xa4c138057801ffff,voltage,236.45,zigbee_mqtt
2026-04-29 13:11:27,0xa4c1380538efffff,current,0,zigbee_mqtt
2026-04-29 13:11:27,0xa4c1380538efffff,energy,0,zigbee_mqtt
2026-04-29 13:11:27,0xa4c1380538efffff,energy_month,0,zigbee_mqtt
2026-04-29 13:11:27,0xa4c1380538efffff,energy_today,0,zigbee_mqtt
2026-04-29 13:11:27,0xa4c1380538efffff,energy_yesterday,0,zigbee_mqtt
2026-04-29 13:11:27,0xa4c1380538efffff,linkquality,207,zigbee_mqtt
2026-04-29 13:11:27,0xa4c1380538efffff,power,0,zigbee_mqtt
2026-04-29 13:11:27,0xa4c1380538efffff,state,OFF,zigbee_mqtt
2026-04-29 13:11:27,0xa4c1380538efffff,voltage,237.07,zigbee_mqtt
2026-04-29 13:11:28,0xa4c138057801ffff,current,0.32,zigbee_mqtt
2026-04-29 13:11:28,0xa4c138057801ffff,energy,0.03,zigbee_mqtt
2026-04-29 13:11:28,0xa4c138057801ffff,energy_month,0.03,zigbee_mqtt
2026-04-29 13:11:28,0xa4c138057801ffff,energy_today,0.03,zigbee_mqtt
2026-04-29 13:11:28,0xa4c138057801ffff,energy_yesterday,0,zigbee_mqtt
2026-04-29 13:11:28,0xa4c138057801ffff,linkquality,150,zigbee_mqtt
2026-04-29 13:11:28,0xa4c138057801ffff,power,37.47,zigbee_mqtt
2026-04-29 13:11:28,0xa4c138057801ffff,state,ON,zigbee_mqtt
2026-04-29 13:11:28,0xa4c138057801ffff,voltage,236.45,zigbee_mqtt
2026-04-29 13:11:33,0xa4c138057801ffff,current,0.32,zigbee_mqtt
2026-04-29 13:11:33,0xa4c138057801ffff,energy,0.03,zigbee_mqtt
2026-04-29 13:11:33,0xa4c138057801ffff,energy_month,0.03,zigbee_mqtt
2026-04-29 13:11:33,0xa4c138057801ffff,energy_today,0.03,zigbee_mqtt
2026-04-29 13:11:33,0xa4c138057801ffff,energy_yesterday,0,zigbee_mqtt
2026-04-29 13:11:33,0xa4c138057801ffff,linkquality,159,zigbee_mqtt
2026-04-29 13:11:33,0xa4c138057801ffff,power,37.42,zigbee_mqtt
2026-04-29 13:11:33,0xa4c138057801ffff,state,ON,zigbee_mqtt
2026-04-29 13:11:33,0xa4c138057801ffff,voltage,236.45,zigbee_mqtt
2026-04-29 13:11:37,0xa4c1380538efffff,current,0,zigbee_mqtt
2026-04-29 13:11:37,0xa4c1380538efffff,energy,0,zigbee_mqtt
2026-04-29 13:11:37,0xa4c1380538efffff,energy_month,0,zigbee_mqtt
2026-04-29 13:11:37,0xa4c1380538efffff,energy_today,0,zigbee_mqtt
2026-04-29 13:11:37,0xa4c1380538efffff,energy_yesterday,0,zigbee_mqtt
2026-04-29 13:11:37,0xa4c1380538efffff,linkquality,207,zigbee_mqtt
2026-04-29 13:11:37,0xa4c1380538efffff,power,0,zigbee_mqtt
2026-04-29 13:11:37,0xa4c1380538efffff,state,OFF,zigbee_mqtt
2026-04-29 13:11:37,0xa4c1380538efffff,voltage,237.07,zigbee_mqtt
2026-04-29 13:11:38,0xa4c138057801ffff,current,0.33,zigbee_mqtt
2026-04-29 13:11:38,0xa4c138057801ffff,energy,0.03,zigbee_mqtt
2026-04-29 13:11:38,0xa4c138057801ffff,energy_month,0.03,zigbee_mqtt
2026-04-29 13:11:38,0xa4c138057801ffff,energy_today,0.03,zigbee_mqtt
2026-04-29 13:11:38,0xa4c138057801ffff,energy_yesterday,0,zigbee_mqtt
2026-04-29 13:11:38,0xa4c138057801ffff,linkquality,165,zigbee_mqtt
2026-04-29 13:11:38,0xa4c138057801ffff,power,37.42,zigbee_mqtt
2026-04-29 13:11:38,0xa4c138057801ffff,state,ON,zigbee_mqtt
2026-04-29 13:11:38,0xa4c138057801ffff,voltage,236.45,zigbee_mqtt
2026-04-29 13:11:43,0xa4c138057801ffff,current,0.33,zigbee_mqtt
2026-04-29 13:11:43,0xa4c138057801ffff,energy,0.03,zigbee_mqtt
2026-04-29 13:11:43,0xa4c138057801ffff,energy_month,0.03,zigbee_mqtt
2026-04-29 13:11:43,0xa4c138057801ffff,energy_today,0.03,zigbee_mqtt
2026-04-29 13:11:43,0xa4c138057801ffff,energy_yesterday,0,zigbee_mqtt
2026-04-29 13:11:43,0xa4c138057801ffff,linkquality,135,zigbee_mqtt
2026-04-29 13:11:43,0xa4c138057801ffff,power,39.03,zigbee_mqtt
2026-04-29 13:11:43,0xa4c138057801ffff,state,ON,zigbee_mqtt
2026-04-29 13:11:43,0xa4c138057801ffff,voltage,236.45,zigbee_mqtt
2026-04-29 13:11:47,0xa4c1380538efffff,current,0,zigbee_mqtt
2026-04-29 13:11:47,0xa4c1380538efffff,energy,0,zigbee_mqtt
2026-04-29 13:11:47,0xa4c1380538efffff,energy_month,0,zigbee_mqtt
2026-04-29 13:11:47,0xa4c1380538efffff,energy_today,0,zigbee_mqtt
2026-04-29 13:11:47,0xa4c1380538efffff,energy_yesterday,0,zigbee_mqtt
2026-04-29 13:11:47,0xa4c1380538efffff,linkquality,192,zigbee_mqtt
2026-04-29 13:11:47,0xa4c1380538efffff,power,0,zigbee_mqtt
2026-04-29 13:11:47,0xa4c1380538efffff,state,OFF,zigbee_mqtt
2026-04-29 13:11:47,0xa4c1380538efffff,voltage,237.07,zigbee_mqtt
2026-04-29 13:11:48,0xa4c138057801ffff,current,0.25,zigbee_mqtt
2026-04-29 13:11:48,0xa4c138057801ffff,energy,0.03,zigbee_mqtt
2026-04-29 13:11:48,0xa4c138057801ffff,energy_month,0.03,zigbee_mqtt
2026-04-29 13:11:48,0xa4c138057801ffff,energy_today,0.03,zigbee_mqtt
2026-04-29 13:11:48,0xa4c138057801ffff,energy_yesterday,0,zigbee_mqtt
2026-04-29 13:11:48,0xa4c138057801ffff,linkquality,120,zigbee_mqtt
2026-04-29 13:11:48,0xa4c138057801ffff,power,39.03,zigbee_mqtt
2026-04-29 13:11:48,0xa4c138057801ffff,state,ON,zigbee_mqtt
2026-04-29 13:11:48,0xa4c138057801ffff,voltage,236.45,zigbee_mqtt
2026-04-29 13:11:53,0xa4c138057801ffff,current,0.25,zigbee_mqtt
2026-04-29 13:11:53,0xa4c138057801ffff,energy,0.03,zigbee_mqtt
2026-04-29 13:11:53,0xa4c138057801ffff,energy_month,0.03,zigbee_mqtt
2026-04-29 13:11:53,0xa4c138057801ffff,energy_today,0.03,zigbee_mqtt
2026-04-29 13:11:53,0xa4c138057801ffff,energy_yesterday,0,zigbee_mqtt
2026-04-29 13:11:53,0xa4c138057801ffff,linkquality,126,zigbee_mqtt
2026-04-29 13:11:53,0xa4c138057801ffff,power,44.78,zigbee_mqtt
2026-04-29 13:11:53,0xa4c138057801ffff,state,ON,zigbee_mqtt
2026-04-29 13:11:53,0xa4c138057801ffff,voltage,236.45,zigbee_mqtt
2026-04-29 13:11:57,0xa4c1380538efffff,current,0,zigbee_mqtt
2026-04-29 13:11:57,0xa4c1380538efffff,energy,0,zigbee_mqtt
2026-04-29 13:11:57,0xa4c1380538efffff,energy_month,0,zigbee_mqtt
2026-04-29 13:11:57,0xa4c1380538efffff,energy_today,0,zigbee_mqtt
2026-04-29 13:11:57,0xa4c1380538efffff,energy_yesterday,0,zigbee_mqtt
2026-04-29 13:11:57,0xa4c1380538efffff,linkquality,186,zigbee_mqtt
2026-04-29 13:11:57,0xa4c1380538efffff,power,0,zigbee_mqtt
2026-04-29 13:11:57,0xa4c1380538efffff,state,OFF,zigbee_mqtt
2026-04-29 13:11:57,0xa4c1380538efffff,voltage,237.07,zigbee_mqtt
2026-04-29 13:11:58,0xa4c138057801ffff,current,0.41,zigbee_mqtt
2026-04-29 13:11:58,0xa4c138057801ffff,energy,0.03,zigbee_mqtt
2026-04-29 13:11:58,0xa4c138057801ffff,energy_month,0.03,zigbee_mqtt
2026-04-29 13:11:58,0xa4c138057801ffff,energy_today,0.03,zigbee_mqtt
2026-04-29 13:11:58,0xa4c138057801ffff,energy_yesterday,0,zigbee_mqtt
2026-04-29 13:11:58,0xa4c138057801ffff,linkquality,138,zigbee_mqtt
2026-04-29 13:11:58,0xa4c138057801ffff,power,44.78,zigbee_mqtt
2026-04-29 13:11:58,0xa4c138057801ffff,state,ON,zigbee_mqtt
2026-04-29 13:11:58,0xa4c138057801ffff,voltage,236.45,zigbee_mqtt
2026-04-29 13:12:03,0xa4c138057801ffff,current,0.41,zigbee_mqtt
2026-04-29 13:12:03,0xa4c138057801ffff,energy,0.03,zigbee_mqtt
2026-04-29 13:12:03,0xa4c138057801ffff,energy_month,0.03,zigbee_mqtt
2026-04-29 13:12:03,0xa4c138057801ffff,energy_today,0.03,zigbee_mqtt
2026-04-29 13:12:03,0xa4c138057801ffff,energy_yesterday,0,zigbee_mqtt
2026-04-29 13:12:03,0xa4c138057801ffff,linkquality,135,zigbee_mqtt
2026-04-29 13:12:03,0xa4c138057801ffff,power,46.32,zigbee_mqtt
2026-04-29 13:12:03,0xa4c138057801ffff,state,ON,zigbee_mqtt
2026-04-29 13:12:03,0xa4c138057801ffff,voltage,236.45,zigbee_mqtt
2026-04-29 13:12:07,0xa4c1380538efffff,current,0,zigbee_mqtt
2026-04-29 13:12:07,0xa4c1380538efffff,energy,0,zigbee_mqtt
2026-04-29 13:12:07,0xa4c1380538efffff,energy_month,0,zigbee_mqtt
2026-04-29 13:12:07,0xa4c1380538efffff,energy_today,0,zigbee_mqtt
2026-04-29 13:12:07,0xa4c1380538efffff,energy_yesterday,0,zigbee_mqtt
2026-04-29 13:12:07,0xa4c1380538efffff,linkquality,186,zigbee_mqtt
2026-04-29 13:12:07,0xa4c1380538efffff,power,0,zigbee_mqtt
2026-04-29 13:12:07,0xa4c1380538efffff,state,OFF,zigbee_mqtt
2026-04-29 13:12:07,0xa4c1380538efffff,voltage,237.07,zigbee_mqtt
2026-04-29 13:12:08,0xa4c138057801ffff,current,0.37,zigbee_mqtt
2026-04-29 13:12:08,0xa4c138057801ffff,energy,0.03,zigbee_mqtt
2026-04-29 13:12:08,0xa4c138057801ffff,energy_month,0.03,zigbee_mqtt
2026-04-29 13:12:08,0xa4c138057801ffff,energy_today,0.03,zigbee_mqtt
2026-04-29 13:12:08,0xa4c138057801ffff,energy_yesterday,0,zigbee_mqtt
2026-04-29 13:12:08,0xa4c138057801ffff,linkquality,135,zigbee_mqtt
2026-04-29 13:12:08,0xa4c138057801ffff,power,46.32,zigbee_mqtt
2026-04-29 13:12:08,0xa4c138057801ffff,state,ON,zigbee_mqtt
2026-04-29 13:12:08,0xa4c138057801ffff,voltage,236.45,zigbee_mqtt
2026-04-29 13:12:13,0xa4c138057801ffff,current,0.37,zigbee_mqtt
2026-04-29 13:12:13,0xa4c138057801ffff,energy,0.03,zigbee_mqtt
2026-04-29 13:12:13,0xa4c138057801ffff,energy_month,0.03,zigbee_mqtt
2026-04-29 13:12:13,0xa4c138057801ffff,energy_today,0.03,zigbee_mqtt
2026-04-29 13:12:13,0xa4c138057801ffff,energy_yesterday,0,zigbee_mqtt
2026-04-29 13:12:13,0xa4c138057801ffff,linkquality,138,zigbee_mqtt
2026-04-29 13:12:13,0xa4c138057801ffff,power,45.6,zigbee_mqtt
2026-04-29 13:12:13,0xa4c138057801ffff,state,ON,zigbee_mqtt
2026-04-29 13:12:13,0xa4c138057801ffff,voltage,236.45,zigbee_mqtt
2026-04-29 13:12:17,0xd44867fffe098162,battery,100,zigbee_mqtt
2026-04-29 13:12:17,0xd44867fffe098162,humidity,47.5,zigbee_mqtt
2026-04-29 13:12:17,0xd44867fffe098162,linkquality,150,zigbee_mqtt
2026-04-29 13:12:17,0xd44867fffe098162,temperature,24.1,zigbee_mqtt
2026-04-29 13:12:17,0xa4c1380538efffff,current,0,zigbee_mqtt
2026-04-29 13:12:17,0xa4c1380538efffff,energy,0,zigbee_mqtt
2026-04-29 13:12:17,0xa4c1380538efffff,energy_month,0,zigbee_mqtt
2026-04-29 13:12:17,0xa4c1380538efffff,energy_today,0,zigbee_mqtt
2026-04-29 13:12:17,0xa4c1380538efffff,energy_yesterday,0,zigbee_mqtt
2026-04-29 13:12:17,0xa4c1380538efffff,linkquality,189,zigbee_mqtt
2026-04-29 13:12:17,0xa4c1380538efffff,power,0,zigbee_mqtt
2026-04-29 13:12:17,0xa4c1380538efffff,state,OFF,zigbee_mqtt
2026-04-29 13:12:17,0xa4c1380538efffff,voltage,237.07,zigbee_mqtt
2026-04-29 13:12:18,0xa4c138057801ffff,current,0.24,zigbee_mqtt
2026-04-29 13:12:18,0xa4c138057801ffff,energy,0.03,zigbee_mqtt
2026-04-29 13:12:18,0xa4c138057801ffff,energy_month,0.03,zigbee_mqtt
2026-04-29 13:12:18,0xa4c138057801ffff,energy_today,0.03,zigbee_mqtt
2026-04-29 13:12:18,0xa4c138057801ffff,energy_yesterday,0,zigbee_mqtt
2026-04-29 13:12:18,0xa4c138057801ffff,linkquality,120,zigbee_mqtt
2026-04-29 13:12:18,0xa4c138057801ffff,power,45.6,zigbee_mqtt
2026-04-29 13:12:18,0xa4c138057801ffff,state,ON,zigbee_mqtt
2026-04-29 13:12:18,0xa4c138057801ffff,voltage,236.45,zigbee_mqtt
2026-04-29 13:12:23,0xa4c138057801ffff,current,0.24,zigbee_mqtt
2026-04-29 13:12:23,0xa4c138057801ffff,energy,0.03,zigbee_mqtt
2026-04-29 13:12:23,0xa4c138057801ffff,energy_month,0.03,zigbee_mqtt
2026-04-29 13:12:23,0xa4c138057801ffff,energy_today,0.03,zigbee_mqtt
2026-04-29 13:12:23,0xa4c138057801ffff,energy_yesterday,0,zigbee_mqtt
2026-04-29 13:12:23,0xa4c138057801ffff,linkquality,120,zigbee_mqtt
2026-04-29 13:12:23,0xa4c138057801ffff,power,45.44,zigbee_mqtt
2026-04-29 13:12:23,0xa4c138057801ffff,state,ON,zigbee_mqtt
2026-04-29 13:12:23,0xa4c138057801ffff,voltage,236.45,zigbee_mqtt
2026-04-29 13:12:27,0xa4c1380538efffff,current,0,zigbee_mqtt
2026-04-29 13:12:27,0xa4c1380538efffff,energy,0,zigbee_mqtt
2026-04-29 13:12:27,0xa4c1380538efffff,energy_month,0,zigbee_mqtt
2026-04-29 13:12:27,0xa4c1380538efffff,energy_today,0,zigbee_mqtt
2026-04-29 13:12:27,0xa4c1380538efffff,energy_yesterday,0,zigbee_mqtt
2026-04-29 13:12:27,0xa4c1380538efffff,linkquality,198,zigbee_mqtt
2026-04-29 13:12:27,0xa4c1380538efffff,power,0,zigbee_mqtt
2026-04-29 13:12:27,0xa4c1380538efffff,state,OFF,zigbee_mqtt
2026-04-29 13:12:27,0xa4c1380538efffff,voltage,237.07,zigbee_mqtt
2026-04-29 13:12:28,0xa4c138057801ffff,current,0.24,zigbee_mqtt
2026-04-29 13:12:28,0xa4c138057801ffff,energy,0.03,zigbee_mqtt
2026-04-29 13:12:28,0xa4c138057801ffff,energy_month,0.03,zigbee_mqtt
2026-04-29 13:12:28,0xa4c138057801ffff,energy_today,0.03,zigbee_mqtt
2026-04-29 13:12:28,0xa4c138057801ffff,energy_yesterday,0,zigbee_mqtt
2026-04-29 13:12:28,0xa4c138057801ffff,linkquality,123,zigbee_mqtt
2026-04-29 13:12:28,0xa4c138057801ffff,power,45.44,zigbee_mqtt
2026-04-29 13:12:28,0xa4c138057801ffff,state,ON,zigbee_mqtt
2026-04-29 13:12:28,0xa4c138057801ffff,voltage,236.45,zigbee_mqtt
2026-04-29 13:12:33,0xa4c138057801ffff,current,0.24,zigbee_mqtt
2026-04-29 13:12:33,0xa4c138057801ffff,energy,0.03,zigbee_mqtt
2026-04-29 13:12:33,0xa4c138057801ffff,energy_month,0.03,zigbee_mqtt
2026-04-29 13:12:33,0xa4c138057801ffff,energy_today,0.03,zigbee_mqtt
2026-04-29 13:12:33,0xa4c138057801ffff,energy_yesterday,0,zigbee_mqtt
2026-04-29 13:12:33,0xa4c138057801ffff,linkquality,114,zigbee_mqtt
2026-04-29 13:12:33,0xa4c138057801ffff,power,34.62,zigbee_mqtt
2026-04-29 13:12:33,0xa4c138057801ffff,state,ON,zigbee_mqtt
2026-04-29 13:12:33,0xa4c138057801ffff,voltage,236.45,zigbee_mqtt
2026-04-29 13:12:37,0xa4c1380538efffff,current,0,zigbee_mqtt
2026-04-29 13:12:37,0xa4c1380538efffff,energy,0,zigbee_mqtt
2026-04-29 13:12:37,0xa4c1380538efffff,energy_month,0,zigbee_mqtt
2026-04-29 13:12:37,0xa4c1380538efffff,energy_today,0,zigbee_mqtt
2026-04-29 13:12:37,0xa4c1380538efffff,energy_yesterday,0,zigbee_mqtt
2026-04-29 13:12:37,0xa4c1380538efffff,linkquality,189,zigbee_mqtt
2026-04-29 13:12:37,0xa4c1380538efffff,power,0,zigbee_mqtt
2026-04-29 13:12:37,0xa4c1380538efffff,state,OFF,zigbee_mqtt
2026-04-29 13:12:37,0xa4c1380538efffff,voltage,237.07,zigbee_mqtt
2026-04-29 13:12:38,0xa4c138057801ffff,current,0.26,zigbee_mqtt
2026-04-29 13:12:38,0xa4c138057801ffff,energy,0.03,zigbee_mqtt
2026-04-29 13:12:38,0xa4c138057801ffff,energy_month,0.03,zigbee_mqtt
2026-04-29 13:12:38,0xa4c138057801ffff,energy_today,0.03,zigbee_mqtt
2026-04-29 13:12:38,0xa4c138057801ffff,energy_yesterday,0,zigbee_mqtt
2026-04-29 13:12:38,0xa4c138057801ffff,linkquality,126,zigbee_mqtt
2026-04-29 13:12:38,0xa4c138057801ffff,power,34.62,zigbee_mqtt
2026-04-29 13:12:38,0xa4c138057801ffff,state,ON,zigbee_mqtt
2026-04-29 13:12:38,0xa4c138057801ffff,voltage,236.45,zigbee_mqtt
2026-04-29 13:12:43,0xa4c138057801ffff,current,0.26,zigbee_mqtt
2026-04-29 13:12:43,0xa4c138057801ffff,energy,0.03,zigbee_mqtt
2026-04-29 13:12:43,0xa4c138057801ffff,energy_month,0.03,zigbee_mqtt
2026-04-29 13:12:43,0xa4c138057801ffff,energy_today,0.03,zigbee_mqtt
2026-04-29 13:12:43,0xa4c138057801ffff,energy_yesterday,0,zigbee_mqtt
2026-04-29 13:12:43,0xa4c138057801ffff,linkquality,129,zigbee_mqtt
2026-04-29 13:12:43,0xa4c138057801ffff,power,45.58,zigbee_mqtt
2026-04-29 13:12:43,0xa4c138057801ffff,state,ON,zigbee_mqtt
2026-04-29 13:12:43,0xa4c138057801ffff,voltage,236.45,zigbee_mqtt
2026-04-29 13:12:47,0xa4c1380538efffff,current,0,zigbee_mqtt
2026-04-29 13:12:47,0xa4c1380538efffff,energy,0,zigbee_mqtt
2026-04-29 13:12:47,0xa4c1380538efffff,energy_month,0,zigbee_mqtt
2026-04-29 13:12:47,0xa4c1380538efffff,energy_today,0,zigbee_mqtt
2026-04-29 13:12:47,0xa4c1380538efffff,energy_yesterday,0,zigbee_mqtt
2026-04-29 13:12:47,0xa4c1380538efffff,linkquality,186,zigbee_mqtt
2026-04-29 13:12:47,0xa4c1380538efffff,power,0,zigbee_mqtt
2026-04-29 13:12:47,0xa4c1380538efffff,state,OFF,zigbee_mqtt
2026-04-29 13:12:47,0xa4c1380538efffff,voltage,237.07,zigbee_mqtt
2026-04-29 13:12:48,0xa4c138057801ffff,current,0.23,zigbee_mqtt
2026-04-29 13:12:48,0xa4c138057801ffff,energy,0.03,zigbee_mqtt
2026-04-29 13:12:48,0xa4c138057801ffff,energy_month,0.03,zigbee_mqtt
2026-04-29 13:12:48,0xa4c138057801ffff,energy_today,0.03,zigbee_mqtt
2026-04-29 13:12:48,0xa4c138057801ffff,energy_yesterday,0,zigbee_mqtt
2026-04-29 13:12:48,0xa4c138057801ffff,linkquality,120,zigbee_mqtt
2026-04-29 13:12:48,0xa4c138057801ffff,power,45.58,zigbee_mqtt
2026-04-29 13:12:48,0xa4c138057801ffff,state,ON,zigbee_mqtt
2026-04-29 13:12:48,0xa4c138057801ffff,voltage,236.45,zigbee_mqtt
2026-04-29 13:12:53,0xa4c138057801ffff,current,0.23,zigbee_mqtt
2026-04-29 13:12:53,0xa4c138057801ffff,energy,0.03,zigbee_mqtt
2026-04-29 13:12:53,0xa4c138057801ffff,energy_month,0.03,zigbee_mqtt
2026-04-29 13:12:53,0xa4c138057801ffff,energy_today,0.03,zigbee_mqtt
2026-04-29 13:12:53,0xa4c138057801ffff,energy_yesterday,0,zigbee_mqtt
2026-04-29 13:12:53,0xa4c138057801ffff,linkquality,120,zigbee_mqtt
2026-04-29 13:12:53,0xa4c138057801ffff,power,45.47,zigbee_mqtt
2026-04-29 13:12:53,0xa4c138057801ffff,state,ON,zigbee_mqtt
2026-04-29 13:12:53,0xa4c138057801ffff,voltage,236.45,zigbee_mqtt
2026-04-29 13:12:57,0xa4c1380538efffff,current,0,zigbee_mqtt
2026-04-29 13:12:57,0xa4c1380538efffff,energy,0,zigbee_mqtt
2026-04-29 13:12:57,0xa4c1380538efffff,energy_month,0,zigbee_mqtt
2026-04-29 13:12:57,0xa4c1380538efffff,energy_today,0,zigbee_mqtt
2026-04-29 13:12:57,0xa4c1380538efffff,energy_yesterday,0,zigbee_mqtt
2026-04-29 13:12:57,0xa4c1380538efffff,linkquality,192,zigbee_mqtt
2026-04-29 13:12:57,0xa4c1380538efffff,power,0,zigbee_mqtt
2026-04-29 13:12:57,0xa4c1380538efffff,state,OFF,zigbee_mqtt
2026-04-29 13:12:57,0xa4c1380538efffff,voltage,237.07,zigbee_mqtt
2026-04-29 13:12:59,0xa4c138057801ffff,current,0.22,zigbee_mqtt
2026-04-29 13:12:59,0xa4c138057801ffff,energy,0.03,zigbee_mqtt
2026-04-29 13:12:59,0xa4c138057801ffff,energy_month,0.03,zigbee_mqtt
2026-04-29 13:12:59,0xa4c138057801ffff,energy_today,0.03,zigbee_mqtt
2026-04-29 13:12:59,0xa4c138057801ffff,energy_yesterday,0,zigbee_mqtt
2026-04-29 13:12:59,0xa4c138057801ffff,linkquality,126,zigbee_mqtt
2026-04-29 13:12:59,0xa4c138057801ffff,power,45.47,zigbee_mqtt
2026-04-29 13:12:59,0xa4c138057801ffff,state,ON,zigbee_mqtt
2026-04-29 13:12:59,0xa4c138057801ffff,voltage,236.45,zigbee_mqtt
2026-04-29 13:13:03,0xa4c138057801ffff,current,0.22,zigbee_mqtt
2026-04-29 13:13:03,0xa4c138057801ffff,energy,0.03,zigbee_mqtt
2026-04-29 13:13:03,0xa4c138057801ffff,energy_month,0.03,zigbee_mqtt
2026-04-29 13:13:03,0xa4c138057801ffff,energy_today,0.03,zigbee_mqtt
2026-04-29 13:13:03,0xa4c138057801ffff,energy_yesterday,0,zigbee_mqtt
2026-04-29 13:13:03,0xa4c138057801ffff,linkquality,114,zigbee_mqtt
2026-04-29 13:13:03,0xa4c138057801ffff,power,46.05,zigbee_mqtt
2026-04-29 13:13:03,0xa4c138057801ffff,state,ON,zigbee_mqtt
2026-04-29 13:13:03,0xa4c138057801ffff,voltage,236.45,zigbee_mqtt
2026-04-29 13:13:07,0xa4c1380538efffff,current,0,zigbee_mqtt
2026-04-29 13:13:07,0xa4c1380538efffff,energy,0,zigbee_mqtt
2026-04-29 13:13:07,0xa4c1380538efffff,energy_month,0,zigbee_mqtt
2026-04-29 13:13:07,0xa4c1380538efffff,energy_today,0,zigbee_mqtt
2026-04-29 13:13:07,0xa4c1380538efffff,energy_yesterday,0,zigbee_mqtt
2026-04-29 13:13:07,0xa4c1380538efffff,linkquality,192,zigbee_mqtt
2026-04-29 13:13:07,0xa4c1380538efffff,power,0,zigbee_mqtt
2026-04-29 13:13:07,0xa4c1380538efffff,state,OFF,zigbee_mqtt
2026-04-29 13:13:07,0xa4c1380538efffff,voltage,237.07,zigbee_mqtt
2026-04-29 13:13:09,0xa4c138057801ffff,current,0.22,zigbee_mqtt
2026-04-29 13:13:09,0xa4c138057801ffff,energy,0.03,zigbee_mqtt
2026-04-29 13:13:09,0xa4c138057801ffff,energy_month,0.03,zigbee_mqtt
2026-04-29 13:13:09,0xa4c138057801ffff,energy_today,0.03,zigbee_mqtt
2026-04-29 13:13:09,0xa4c138057801ffff,energy_yesterday,0,zigbee_mqtt
2026-04-29 13:13:09,0xa4c138057801ffff,linkquality,135,zigbee_mqtt
2026-04-29 13:13:09,0xa4c138057801ffff,power,46.05,zigbee_mqtt
2026-04-29 13:13:09,0xa4c138057801ffff,state,ON,zigbee_mqtt
2026-04-29 13:13:09,0xa4c138057801ffff,voltage,236.45,zigbee_mqtt
2026-04-29 13:13:13,0xa4c138057801ffff,current,0.22,zigbee_mqtt
2026-04-29 13:13:13,0xa4c138057801ffff,energy,0.03,zigbee_mqtt
2026-04-29 13:13:13,0xa4c138057801ffff,energy_month,0.03,zigbee_mqtt
2026-04-29 13:13:13,0xa4c138057801ffff,energy_today,0.03,zigbee_mqtt
2026-04-29 13:13:13,0xa4c138057801ffff,energy_yesterday,0,zigbee_mqtt
2026-04-29 13:13:13,0xa4c138057801ffff,linkquality,129,zigbee_mqtt
2026-04-29 13:13:13,0xa4c138057801ffff,power,44.22,zigbee_mqtt
2026-04-29 13:13:13,0xa4c138057801ffff,state,ON,zigbee_mqtt
2026-04-29 13:13:13,0xa4c138057801ffff,voltage,236.45,zigbee_mqtt
2026-04-29 13:13:17,0xa4c1380538efffff,current,0,zigbee_mqtt
2026-04-29 13:13:17,0xa4c1380538efffff,energy,0,zigbee_mqtt
2026-04-29 13:13:17,0xa4c1380538efffff,energy_month,0,zigbee_mqtt
2026-04-29 13:13:17,0xa4c1380538efffff,energy_today,0,zigbee_mqtt
2026-04-29 13:13:17,0xa4c1380538efffff,energy_yesterday,0,zigbee_mqtt
2026-04-29 13:13:17,0xa4c1380538efffff,linkquality,192,zigbee_mqtt
2026-04-29 13:13:17,0xa4c1380538efffff,power,0,zigbee_mqtt
2026-04-29 13:13:17,0xa4c1380538efffff,state,OFF,zigbee_mqtt
2026-04-29 13:13:17,0xa4c1380538efffff,voltage,237.07,zigbee_mqtt
2026-04-29 13:13:19,0xa4c138057801ffff,current,0.23,zigbee_mqtt
2026-04-29 13:13:19,0xa4c138057801ffff,energy,0.03,zigbee_mqtt
2026-04-29 13:13:19,0xa4c138057801ffff,energy_month,0.03,zigbee_mqtt
2026-04-29 13:13:19,0xa4c138057801ffff,energy_today,0.03,zigbee_mqtt
2026-04-29 13:13:19,0xa4c138057801ffff,energy_yesterday,0,zigbee_mqtt
2026-04-29 13:13:19,0xa4c138057801ffff,linkquality,159,zigbee_mqtt
2026-04-29 13:13:19,0xa4c138057801ffff,power,44.22,zigbee_mqtt
2026-04-29 13:13:19,0xa4c138057801ffff,state,ON,zigbee_mqtt
2026-04-29 13:13:19,0xa4c138057801ffff,voltage,236.45,zigbee_mqtt
2026-04-29 13:13:23,0xa4c138057801ffff,current,0.23,zigbee_mqtt
2026-04-29 13:13:23,0xa4c138057801ffff,energy,0.03,zigbee_mqtt
2026-04-29 13:13:23,0xa4c138057801ffff,energy_month,0.03,zigbee_mqtt
2026-04-29 13:13:23,0xa4c138057801ffff,energy_today,0.03,zigbee_mqtt
2026-04-29 13:13:23,0xa4c138057801ffff,energy_yesterday,0,zigbee_mqtt
2026-04-29 13:13:23,0xa4c138057801ffff,linkquality,159,zigbee_mqtt
2026-04-29 13:13:23,0xa4c138057801ffff,power,44.26,zigbee_mqtt
2026-04-29 13:13:23,0xa4c138057801ffff,state,ON,zigbee_mqtt
2026-04-29 13:13:23,0xa4c138057801ffff,voltage,236.45,zigbee_mqtt
2026-04-29 13:13:27,0xa4c1380538efffff,current,0,zigbee_mqtt
2026-04-29 13:13:27,0xa4c1380538efffff,energy,0,zigbee_mqtt
2026-04-29 13:13:27,0xa4c1380538efffff,energy_month,0,zigbee_mqtt
2026-04-29 13:13:27,0xa4c1380538efffff,energy_today,0,zigbee_mqtt
2026-04-29 13:13:27,0xa4c1380538efffff,energy_yesterday,0,zigbee_mqtt
2026-04-29 13:13:27,0xa4c1380538efffff,linkquality,204,zigbee_mqtt
2026-04-29 13:13:27,0xa4c1380538efffff,power,0,zigbee_mqtt
2026-04-29 13:13:27,0xa4c1380538efffff,state,OFF,zigbee_mqtt
2026-04-29 13:13:27,0xa4c1380538efffff,voltage,237.07,zigbee_mqtt
2026-04-29 13:13:29,0xa4c138057801ffff,current,0.22,zigbee_mqtt
2026-04-29 13:13:29,0xa4c138057801ffff,energy,0.03,zigbee_mqtt
2026-04-29 13:13:29,0xa4c138057801ffff,energy_month,0.03,zigbee_mqtt
2026-04-29 13:13:29,0xa4c138057801ffff,energy_today,0.03,zigbee_mqtt
2026-04-29 13:13:29,0xa4c138057801ffff,energy_yesterday,0,zigbee_mqtt
2026-04-29 13:13:29,0xa4c138057801ffff,linkquality,159,zigbee_mqtt
2026-04-29 13:13:29,0xa4c138057801ffff,power,44.26,zigbee_mqtt
2026-04-29 13:13:29,0xa4c138057801ffff,state,ON,zigbee_mqtt
2026-04-29 13:13:29,0xa4c138057801ffff,voltage,236.45,zigbee_mqtt
2026-04-29 13:13:32,0xa4c1380538efffff,current,0,zigbee_mqtt
2026-04-29 13:13:32,0xa4c1380538efffff,energy,0,zigbee_mqtt
2026-04-29 13:13:32,0xa4c1380538efffff,energy_month,0,zigbee_mqtt
2026-04-29 13:13:32,0xa4c1380538efffff,energy_today,0,zigbee_mqtt
2026-04-29 13:13:32,0xa4c1380538efffff,energy_yesterday,0,zigbee_mqtt
2026-04-29 13:13:32,0xa4c1380538efffff,linkquality,207,zigbee_mqtt
2026-04-29 13:13:32,0xa4c1380538efffff,power,0,zigbee_mqtt
2026-04-29 13:13:32,0xa4c1380538efffff,state,OFF,zigbee_mqtt
2026-04-29 13:13:32,0xa4c1380538efffff,voltage,237.07,zigbee_mqtt
2026-04-29 13:13:33,0xa4c138057801ffff,current,0.22,zigbee_mqtt
2026-04-29 13:13:33,0xa4c138057801ffff,energy,0.03,zigbee_mqtt
2026-04-29 13:13:33,0xa4c138057801ffff,energy_month,0.03,zigbee_mqtt
2026-04-29 13:13:33,0xa4c138057801ffff,energy_today,0.03,zigbee_mqtt
2026-04-29 13:13:33,0xa4c138057801ffff,energy_yesterday,0,zigbee_mqtt
2026-04-29 13:13:33,0xa4c138057801ffff,linkquality,150,zigbee_mqtt
2026-04-29 13:13:33,0xa4c138057801ffff,power,48.41,zigbee_mqtt
2026-04-29 13:13:33,0xa4c138057801ffff,state,ON,zigbee_mqtt
2026-04-29 13:13:33,0xa4c138057801ffff,voltage,236.45,zigbee_mqtt
2026-04-29 13:13:34,0xa4c138057801ffff,current,0.22,zigbee_mqtt
2026-04-29 13:13:34,0xa4c138057801ffff,energy,0.03,zigbee_mqtt
2026-04-29 13:13:34,0xa4c138057801ffff,energy_month,0.03,zigbee_mqtt
2026-04-29 13:13:34,0xa4c138057801ffff,energy_today,0.03,zigbee_mqtt
2026-04-29 13:13:34,0xa4c138057801ffff,energy_yesterday,0,zigbee_mqtt
2026-04-29 13:13:34,0xa4c138057801ffff,linkquality,135,zigbee_mqtt
2026-04-29 13:13:34,0xa4c138057801ffff,power,48.41,zigbee_mqtt
2026-04-29 13:13:34,0xa4c138057801ffff,state,ON,zigbee_mqtt
2026-04-29 13:13:34,0xa4c138057801ffff,voltage,236.45,zigbee_mqtt
2026-04-29 13:13:37,0xa4c1380538efffff,current,0,zigbee_mqtt
2026-04-29 13:13:37,0xa4c1380538efffff,energy,0,zigbee_mqtt
2026-04-29 13:13:37,0xa4c1380538efffff,energy_month,0,zigbee_mqtt
2026-04-29 13:13:37,0xa4c1380538efffff,energy_today,0,zigbee_mqtt
2026-04-29 13:13:37,0xa4c1380538efffff,energy_yesterday,0,zigbee_mqtt
2026-04-29 13:13:37,0xa4c1380538efffff,linkquality,192,zigbee_mqtt
2026-04-29 13:13:37,0xa4c1380538efffff,power,0,zigbee_mqtt
2026-04-29 13:13:37,0xa4c1380538efffff,state,OFF,zigbee_mqtt
2026-04-29 13:13:37,0xa4c1380538efffff,voltage,237.07,zigbee_mqtt
2026-04-29 13:13:39,0xa4c138057801ffff,current,0.38,zigbee_mqtt
2026-04-29 13:13:39,0xa4c138057801ffff,energy,0.03,zigbee_mqtt
2026-04-29 13:13:39,0xa4c138057801ffff,energy_month,0.03,zigbee_mqtt
2026-04-29 13:13:39,0xa4c138057801ffff,energy_today,0.03,zigbee_mqtt
2026-04-29 13:13:39,0xa4c138057801ffff,energy_yesterday,0,zigbee_mqtt
2026-04-29 13:13:39,0xa4c138057801ffff,linkquality,129,zigbee_mqtt
2026-04-29 13:13:39,0xa4c138057801ffff,power,48.41,zigbee_mqtt
2026-04-29 13:13:39,0xa4c138057801ffff,state,ON,zigbee_mqtt
2026-04-29 13:13:39,0xa4c138057801ffff,voltage,236.45,zigbee_mqtt
2026-04-29 13:13:43,0xa4c138057801ffff,current,0.38,zigbee_mqtt
2026-04-29 13:13:43,0xa4c138057801ffff,energy,0.03,zigbee_mqtt
2026-04-29 13:13:43,0xa4c138057801ffff,energy_month,0.03,zigbee_mqtt
2026-04-29 13:13:43,0xa4c138057801ffff,energy_today,0.03,zigbee_mqtt
2026-04-29 13:13:43,0xa4c138057801ffff,energy_yesterday,0,zigbee_mqtt
2026-04-29 13:13:43,0xa4c138057801ffff,linkquality,138,zigbee_mqtt
2026-04-29 13:13:43,0xa4c138057801ffff,power,43.09,zigbee_mqtt
2026-04-29 13:13:43,0xa4c138057801ffff,state,ON,zigbee_mqtt
2026-04-29 13:13:43,0xa4c138057801ffff,voltage,236.45,zigbee_mqtt
2026-04-29 13:13:47,0xa4c1380538efffff,current,0,zigbee_mqtt
2026-04-29 13:13:47,0xa4c1380538efffff,energy,0,zigbee_mqtt
2026-04-29 13:13:47,0xa4c1380538efffff,energy_month,0,zigbee_mqtt
2026-04-29 13:13:47,0xa4c1380538efffff,energy_today,0,zigbee_mqtt
2026-04-29 13:13:47,0xa4c1380538efffff,energy_yesterday,0,zigbee_mqtt
2026-04-29 13:13:47,0xa4c1380538efffff,linkquality,192,zigbee_mqtt
2026-04-29 13:13:47,0xa4c1380538efffff,power,0,zigbee_mqtt
2026-04-29 13:13:47,0xa4c1380538efffff,state,OFF,zigbee_mqtt
2026-04-29 13:13:47,0xa4c1380538efffff,voltage,237.07,zigbee_mqtt
2026-04-29 13:13:49,0xa4c138057801ffff,current,0.43,zigbee_mqtt
2026-04-29 13:13:49,0xa4c138057801ffff,energy,0.03,zigbee_mqtt
2026-04-29 13:13:49,0xa4c138057801ffff,energy_month,0.03,zigbee_mqtt
2026-04-29 13:13:49,0xa4c138057801ffff,energy_today,0.03,zigbee_mqtt
2026-04-29 13:13:49,0xa4c138057801ffff,energy_yesterday,0,zigbee_mqtt
2026-04-29 13:13:49,0xa4c138057801ffff,linkquality,129,zigbee_mqtt
2026-04-29 13:13:49,0xa4c138057801ffff,power,43.09,zigbee_mqtt
2026-04-29 13:13:49,0xa4c138057801ffff,state,ON,zigbee_mqtt
2026-04-29 13:13:49,0xa4c138057801ffff,voltage,236.45,zigbee_mqtt
2026-04-29 13:13:53,0xa4c138057801ffff,current,0.43,zigbee_mqtt
2026-04-29 13:13:53,0xa4c138057801ffff,energy,0.03,zigbee_mqtt
2026-04-29 13:13:53,0xa4c138057801ffff,energy_month,0.03,zigbee_mqtt
2026-04-29 13:13:53,0xa4c138057801ffff,energy_today,0.03,zigbee_mqtt
2026-04-29 13:13:53,0xa4c138057801ffff,energy_yesterday,0,zigbee_mqtt
2026-04-29 13:13:53,0xa4c138057801ffff,linkquality,135,zigbee_mqtt
2026-04-29 13:13:53,0xa4c138057801ffff,power,42.84,zigbee_mqtt
2026-04-29 13:13:53,0xa4c138057801ffff,state,ON,zigbee_mqtt
2026-04-29 13:13:53,0xa4c138057801ffff,voltage,236.45,zigbee_mqtt
2026-04-29 13:13:57,0xa4c1380538efffff,current,0,zigbee_mqtt
2026-04-29 13:13:57,0xa4c1380538efffff,energy,0,zigbee_mqtt
2026-04-29 13:13:57,0xa4c1380538efffff,energy_month,0,zigbee_mqtt
2026-04-29 13:13:57,0xa4c1380538efffff,energy_today,0,zigbee_mqtt
2026-04-29 13:13:57,0xa4c1380538efffff,energy_yesterday,0,zigbee_mqtt
2026-04-29 13:13:57,0xa4c1380538efffff,linkquality,189,zigbee_mqtt
2026-04-29 13:13:57,0xa4c1380538efffff,power,0,zigbee_mqtt
2026-04-29 13:13:57,0xa4c1380538efffff,state,OFF,zigbee_mqtt
2026-04-29 13:13:57,0xa4c1380538efffff,voltage,237.07,zigbee_mqtt
2026-04-29 13:13:59,0xa4c138057801ffff,current,0.37,zigbee_mqtt
2026-04-29 13:13:59,0xa4c138057801ffff,energy,0.03,zigbee_mqtt
2026-04-29 13:13:59,0xa4c138057801ffff,energy_month,0.03,zigbee_mqtt
2026-04-29 13:13:59,0xa4c138057801ffff,energy_today,0.03,zigbee_mqtt
2026-04-29 13:13:59,0xa4c138057801ffff,energy_yesterday,0,zigbee_mqtt
2026-04-29 13:13:59,0xa4c138057801ffff,linkquality,132,zigbee_mqtt
2026-04-29 13:13:59,0xa4c138057801ffff,power,42.84,zigbee_mqtt
2026-04-29 13:13:59,0xa4c138057801ffff,state,ON,zigbee_mqtt
2026-04-29 13:13:59,0xa4c138057801ffff,voltage,236.45,zigbee_mqtt
2026-04-29 13:14:03,0xa4c138057801ffff,current,0.37,zigbee_mqtt
2026-04-29 13:14:03,0xa4c138057801ffff,energy,0.03,zigbee_mqtt
2026-04-29 13:14:03,0xa4c138057801ffff,energy_month,0.03,zigbee_mqtt
2026-04-29 13:14:03,0xa4c138057801ffff,energy_today,0.03,zigbee_mqtt
2026-04-29 13:14:03,0xa4c138057801ffff,energy_yesterday,0,zigbee_mqtt
2026-04-29 13:14:03,0xa4c138057801ffff,linkquality,132,zigbee_mqtt
2026-04-29 13:14:03,0xa4c138057801ffff,power,43.48,zigbee_mqtt
2026-04-29 13:14:03,0xa4c138057801ffff,state,ON,zigbee_mqtt
2026-04-29 13:14:03,0xa4c138057801ffff,voltage,236.45,zigbee_mqtt
2026-04-29 13:14:07,0xa4c1380538efffff,current,0,zigbee_mqtt
2026-04-29 13:14:07,0xa4c1380538efffff,energy,0,zigbee_mqtt
2026-04-29 13:14:07,0xa4c1380538efffff,energy_month,0,zigbee_mqtt
2026-04-29 13:14:07,0xa4c1380538efffff,energy_today,0,zigbee_mqtt
2026-04-29 13:14:07,0xa4c1380538efffff,energy_yesterday,0,zigbee_mqtt
2026-04-29 13:14:07,0xa4c1380538efffff,linkquality,192,zigbee_mqtt
2026-04-29 13:14:07,0xa4c1380538efffff,power,0,zigbee_mqtt
2026-04-29 13:14:07,0xa4c1380538efffff,state,OFF,zigbee_mqtt
2026-04-29 13:14:07,0xa4c1380538efffff,voltage,237.07,zigbee_mqtt
2026-04-29 13:14:09,0xa4c138057801ffff,current,0.37,zigbee_mqtt
2026-04-29 13:14:09,0xa4c138057801ffff,energy,0.03,zigbee_mqtt
2026-04-29 13:14:09,0xa4c138057801ffff,energy_month,0.03,zigbee_mqtt
2026-04-29 13:14:09,0xa4c138057801ffff,energy_today,0.03,zigbee_mqtt
2026-04-29 13:14:09,0xa4c138057801ffff,energy_yesterday,0,zigbee_mqtt
2026-04-29 13:14:09,0xa4c138057801ffff,linkquality,135,zigbee_mqtt
2026-04-29 13:14:09,0xa4c138057801ffff,power,43.48,zigbee_mqtt
2026-04-29 13:14:09,0xa4c138057801ffff,state,ON,zigbee_mqtt
2026-04-29 13:14:09,0xa4c138057801ffff,voltage,236.45,zigbee_mqtt
2026-04-29 13:14:13,0xa4c138057801ffff,current,0.37,zigbee_mqtt
2026-04-29 13:14:13,0xa4c138057801ffff,energy,0.03,zigbee_mqtt
2026-04-29 13:14:13,0xa4c138057801ffff,energy_month,0.03,zigbee_mqtt
2026-04-29 13:14:13,0xa4c138057801ffff,energy_today,0.03,zigbee_mqtt
2026-04-29 13:14:13,0xa4c138057801ffff,energy_yesterday,0,zigbee_mqtt
2026-04-29 13:14:13,0xa4c138057801ffff,linkquality,168,zigbee_mqtt
2026-04-29 13:14:13,0xa4c138057801ffff,power,43.4,zigbee_mqtt
2026-04-29 13:14:13,0xa4c138057801ffff,state,ON,zigbee_mqtt
2026-04-29 13:14:13,0xa4c138057801ffff,voltage,236.45,zigbee_mqtt
2026-04-29 13:14:17,0xa4c1380538efffff,current,0,zigbee_mqtt
2026-04-29 13:14:17,0xa4c1380538efffff,energy,0,zigbee_mqtt
2026-04-29 13:14:17,0xa4c1380538efffff,energy_month,0,zigbee_mqtt
2026-04-29 13:14:17,0xa4c1380538efffff,energy_today,0,zigbee_mqtt
2026-04-29 13:14:17,0xa4c1380538efffff,energy_yesterday,0,zigbee_mqtt
2026-04-29 13:14:17,0xa4c1380538efffff,linkquality,207,zigbee_mqtt
2026-04-29 13:14:17,0xa4c1380538efffff,power,0,zigbee_mqtt
2026-04-29 13:14:17,0xa4c1380538efffff,state,OFF,zigbee_mqtt
2026-04-29 13:14:17,0xa4c1380538efffff,voltage,237.07,zigbee_mqtt
2026-04-29 13:14:19,0xa4c138057801ffff,current,0.38,zigbee_mqtt
2026-04-29 13:14:19,0xa4c138057801ffff,energy,0.03,zigbee_mqtt
2026-04-29 13:14:19,0xa4c138057801ffff,energy_month,0.03,zigbee_mqtt
2026-04-29 13:14:19,0xa4c138057801ffff,energy_today,0.03,zigbee_mqtt
2026-04-29 13:14:19,0xa4c138057801ffff,energy_yesterday,0,zigbee_mqtt
2026-04-29 13:14:19,0xa4c138057801ffff,linkquality,156,zigbee_mqtt
2026-04-29 13:14:19,0xa4c138057801ffff,power,43.4,zigbee_mqtt
2026-04-29 13:14:19,0xa4c138057801ffff,state,ON,zigbee_mqtt
2026-04-29 13:14:19,0xa4c138057801ffff,voltage,236.45,zigbee_mqtt
2026-04-29 13:14:23,0xa4c138057801ffff,current,0.38,zigbee_mqtt
2026-04-29 13:14:23,0xa4c138057801ffff,energy,0.03,zigbee_mqtt
2026-04-29 13:14:23,0xa4c138057801ffff,energy_month,0.03,zigbee_mqtt
2026-04-29 13:14:23,0xa4c138057801ffff,energy_today,0.03,zigbee_mqtt
2026-04-29 13:14:23,0xa4c138057801ffff,energy_yesterday,0,zigbee_mqtt
2026-04-29 13:14:23,0xa4c138057801ffff,linkquality,123,zigbee_mqtt
2026-04-29 13:14:23,0xa4c138057801ffff,power,43.63,zigbee_mqtt
2026-04-29 13:14:23,0xa4c138057801ffff,state,ON,zigbee_mqtt
2026-04-29 13:14:23,0xa4c138057801ffff,voltage,236.45,zigbee_mqtt
2026-04-29 13:14:27,0xa4c1380538efffff,current,0,zigbee_mqtt
2026-04-29 13:14:27,0xa4c1380538efffff,energy,0,zigbee_mqtt
2026-04-29 13:14:27,0xa4c1380538efffff,energy_month,0,zigbee_mqtt
2026-04-29 13:14:27,0xa4c1380538efffff,energy_today,0,zigbee_mqtt
2026-04-29 13:14:27,0xa4c1380538efffff,energy_yesterday,0,zigbee_mqtt
2026-04-29 13:14:27,0xa4c1380538efffff,linkquality,207,zigbee_mqtt
2026-04-29 13:14:27,0xa4c1380538efffff,power,0,zigbee_mqtt
2026-04-29 13:14:27,0xa4c1380538efffff,state,OFF,zigbee_mqtt
2026-04-29 13:14:27,0xa4c1380538efffff,voltage,237.07,zigbee_mqtt
2026-04-29 13:14:33,0xa4c138057801ffff,current,0.23,zigbee_mqtt
2026-04-29 13:14:33,0xa4c138057801ffff,energy,0.03,zigbee_mqtt
2026-04-29 13:14:33,0xa4c138057801ffff,energy_month,0.03,zigbee_mqtt
2026-04-29 13:14:33,0xa4c138057801ffff,energy_today,0.03,zigbee_mqtt
2026-04-29 13:14:33,0xa4c138057801ffff,energy_yesterday,0,zigbee_mqtt
2026-04-29 13:14:33,0xa4c138057801ffff,linkquality,156,zigbee_mqtt
2026-04-29 13:14:33,0xa4c138057801ffff,power,43.63,zigbee_mqtt
2026-04-29 13:14:33,0xa4c138057801ffff,state,ON,zigbee_mqtt
2026-04-29 13:14:33,0xa4c138057801ffff,voltage,236.45,zigbee_mqtt
2026-04-29 13:14:33,0xa4c138057801ffff,current,0.23,zigbee_mqtt
2026-04-29 13:14:33,0xa4c138057801ffff,energy,0.03,zigbee_mqtt
2026-04-29 13:14:33,0xa4c138057801ffff,energy_month,0.03,zigbee_mqtt
2026-04-29 13:14:33,0xa4c138057801ffff,energy_today,0.03,zigbee_mqtt
2026-04-29 13:14:33,0xa4c138057801ffff,energy_yesterday,0,zigbee_mqtt
2026-04-29 13:14:33,0xa4c138057801ffff,linkquality,153,zigbee_mqtt
2026-04-29 13:14:33,0xa4c138057801ffff,power,45.31,zigbee_mqtt
2026-04-29 13:14:33,0xa4c138057801ffff,state,ON,zigbee_mqtt
2026-04-29 13:14:33,0xa4c138057801ffff,voltage,236.45,zigbee_mqtt
2026-04-29 13:14:37,0xa4c1380538efffff,current,0,zigbee_mqtt
2026-04-29 13:14:37,0xa4c1380538efffff,energy,0,zigbee_mqtt
2026-04-29 13:14:37,0xa4c1380538efffff,energy_month,0,zigbee_mqtt
2026-04-29 13:14:37,0xa4c1380538efffff,energy_today,0,zigbee_mqtt
2026-04-29 13:14:37,0xa4c1380538efffff,energy_yesterday,0,zigbee_mqtt
2026-04-29 13:14:37,0xa4c1380538efffff,linkquality,204,zigbee_mqtt
2026-04-29 13:14:37,0xa4c1380538efffff,power,0,zigbee_mqtt
2026-04-29 13:14:37,0xa4c1380538efffff,state,OFF,zigbee_mqtt
2026-04-29 13:14:37,0xa4c1380538efffff,voltage,237.07,zigbee_mqtt
2026-04-29 13:14:43,0xa4c138057801ffff,current,0.22,zigbee_mqtt
2026-04-29 13:14:43,0xa4c138057801ffff,energy,0.03,zigbee_mqtt
2026-04-29 13:14:43,0xa4c138057801ffff,energy_month,0.03,zigbee_mqtt
2026-04-29 13:14:43,0xa4c138057801ffff,energy_today,0.03,zigbee_mqtt
2026-04-29 13:14:43,0xa4c138057801ffff,energy_yesterday,0,zigbee_mqtt
2026-04-29 13:14:43,0xa4c138057801ffff,linkquality,156,zigbee_mqtt
2026-04-29 13:14:43,0xa4c138057801ffff,power,45.31,zigbee_mqtt
2026-04-29 13:14:43,0xa4c138057801ffff,state,ON,zigbee_mqtt
2026-04-29 13:14:43,0xa4c138057801ffff,voltage,236.45,zigbee_mqtt
2026-04-29 13:14:43,0xa4c138057801ffff,current,0.22,zigbee_mqtt
2026-04-29 13:14:43,0xa4c138057801ffff,energy,0.03,zigbee_mqtt
2026-04-29 13:14:43,0xa4c138057801ffff,energy_month,0.03,zigbee_mqtt
2026-04-29 13:14:43,0xa4c138057801ffff,energy_today,0.03,zigbee_mqtt
2026-04-29 13:14:43,0xa4c138057801ffff,energy_yesterday,0,zigbee_mqtt
2026-04-29 13:14:43,0xa4c138057801ffff,linkquality,156,zigbee_mqtt
2026-04-29 13:14:43,0xa4c138057801ffff,power,46.02,zigbee_mqtt
2026-04-29 13:14:43,0xa4c138057801ffff,state,ON,zigbee_mqtt
2026-04-29 13:14:43,0xa4c138057801ffff,voltage,236.45,zigbee_mqtt
2026-04-29 13:14:47,0xa4c1380538efffff,current,0,zigbee_mqtt
2026-04-29 13:14:47,0xa4c1380538efffff,energy,0,zigbee_mqtt
2026-04-29 13:14:47,0xa4c1380538efffff,energy_month,0,zigbee_mqtt
2026-04-29 13:14:47,0xa4c1380538efffff,energy_today,0,zigbee_mqtt
2026-04-29 13:14:47,0xa4c1380538efffff,energy_yesterday,0,zigbee_mqtt
2026-04-29 13:14:47,0xa4c1380538efffff,linkquality,207,zigbee_mqtt
2026-04-29 13:14:47,0xa4c1380538efffff,power,0,zigbee_mqtt
2026-04-29 13:14:47,0xa4c1380538efffff,state,OFF,zigbee_mqtt
2026-04-29 13:14:47,0xa4c1380538efffff,voltage,237.07,zigbee_mqtt
2026-04-29 13:14:53,0xa4c138057801ffff,current,0.38,zigbee_mqtt
2026-04-29 13:14:53,0xa4c138057801ffff,energy,0.03,zigbee_mqtt
2026-04-29 13:14:53,0xa4c138057801ffff,energy_month,0.03,zigbee_mqtt
2026-04-29 13:14:53,0xa4c138057801ffff,energy_today,0.03,zigbee_mqtt
2026-04-29 13:14:53,0xa4c138057801ffff,energy_yesterday,0,zigbee_mqtt
2026-04-29 13:14:53,0xa4c138057801ffff,linkquality,156,zigbee_mqtt
2026-04-29 13:14:53,0xa4c138057801ffff,power,46.02,zigbee_mqtt
2026-04-29 13:14:53,0xa4c138057801ffff,state,ON,zigbee_mqtt
2026-04-29 13:14:53,0xa4c138057801ffff,voltage,236.45,zigbee_mqtt
2026-04-29 13:14:53,0xa4c138057801ffff,current,0.38,zigbee_mqtt
2026-04-29 13:14:53,0xa4c138057801ffff,energy,0.03,zigbee_mqtt
2026-04-29 13:14:53,0xa4c138057801ffff,energy_month,0.03,zigbee_mqtt
2026-04-29 13:14:53,0xa4c138057801ffff,energy_today,0.03,zigbee_mqtt
2026-04-29 13:14:53,0xa4c138057801ffff,energy_yesterday,0,zigbee_mqtt
2026-04-29 13:14:53,0xa4c138057801ffff,linkquality,159,zigbee_mqtt
2026-04-29 13:14:53,0xa4c138057801ffff,power,43.63,zigbee_mqtt
2026-04-29 13:14:53,0xa4c138057801ffff,state,ON,zigbee_mqtt
2026-04-29 13:14:53,0xa4c138057801ffff,voltage,236.45,zigbee_mqtt
2026-04-29 13:14:57,0xa4c1380538efffff,current,0,zigbee_mqtt
2026-04-29 13:14:57,0xa4c1380538efffff,energy,0,zigbee_mqtt
2026-04-29 13:14:57,0xa4c1380538efffff,energy_month,0,zigbee_mqtt
2026-04-29 13:14:57,0xa4c1380538efffff,energy_today,0,zigbee_mqtt
2026-04-29 13:14:57,0xa4c1380538efffff,energy_yesterday,0,zigbee_mqtt
2026-04-29 13:14:57,0xa4c1380538efffff,linkquality,207,zigbee_mqtt
2026-04-29 13:14:57,0xa4c1380538efffff,power,0,zigbee_mqtt
2026-04-29 13:14:57,0xa4c1380538efffff,state,OFF,zigbee_mqtt
2026-04-29 13:14:57,0xa4c1380538efffff,voltage,237.07,zigbee_mqtt
2026-04-29 13:15:03,0xa4c138057801ffff,current,0.37,zigbee_mqtt
2026-04-29 13:15:03,0xa4c138057801ffff,energy,0.03,zigbee_mqtt
2026-04-29 13:15:03,0xa4c138057801ffff,energy_month,0.03,zigbee_mqtt
2026-04-29 13:15:03,0xa4c138057801ffff,energy_today,0.03,zigbee_mqtt
2026-04-29 13:15:03,0xa4c138057801ffff,energy_yesterday,0,zigbee_mqtt
2026-04-29 13:15:03,0xa4c138057801ffff,linkquality,159,zigbee_mqtt
2026-04-29 13:15:03,0xa4c138057801ffff,power,43.63,zigbee_mqtt
2026-04-29 13:15:03,0xa4c138057801ffff,state,ON,zigbee_mqtt
2026-04-29 13:15:03,0xa4c138057801ffff,voltage,236.45,zigbee_mqtt
2026-04-29 13:15:03,0xa4c138057801ffff,current,0.37,zigbee_mqtt
2026-04-29 13:15:03,0xa4c138057801ffff,energy,0.03,zigbee_mqtt
2026-04-29 13:15:03,0xa4c138057801ffff,energy_month,0.03,zigbee_mqtt
2026-04-29 13:15:03,0xa4c138057801ffff,energy_today,0.03,zigbee_mqtt
2026-04-29 13:15:03,0xa4c138057801ffff,energy_yesterday,0,zigbee_mqtt
2026-04-29 13:15:03,0xa4c138057801ffff,linkquality,156,zigbee_mqtt
2026-04-29 13:15:03,0xa4c138057801ffff,power,42.59,zigbee_mqtt
2026-04-29 13:15:03,0xa4c138057801ffff,state,ON,zigbee_mqtt
2026-04-29 13:15:03,0xa4c138057801ffff,voltage,236.45,zigbee_mqtt
2026-04-29 13:15:07,0xa4c1380538efffff,current,0,zigbee_mqtt
2026-04-29 13:15:07,0xa4c1380538efffff,energy,0,zigbee_mqtt
2026-04-29 13:15:07,0xa4c1380538efffff,energy_month,0,zigbee_mqtt
2026-04-29 13:15:07,0xa4c1380538efffff,energy_today,0,zigbee_mqtt
2026-04-29 13:15:07,0xa4c1380538efffff,energy_yesterday,0,zigbee_mqtt
2026-04-29 13:15:07,0xa4c1380538efffff,linkquality,204,zigbee_mqtt
2026-04-29 13:15:07,0xa4c1380538efffff,power,0,zigbee_mqtt
2026-04-29 13:15:07,0xa4c1380538efffff,state,OFF,zigbee_mqtt
2026-04-29 13:15:07,0xa4c1380538efffff,voltage,237.07,zigbee_mqtt
2026-04-29 13:15:13,0xa4c138057801ffff,current,0.39,zigbee_mqtt
2026-04-29 13:15:13,0xa4c138057801ffff,energy,0.03,zigbee_mqtt
2026-04-29 13:15:13,0xa4c138057801ffff,energy_month,0.03,zigbee_mqtt
2026-04-29 13:15:13,0xa4c138057801ffff,energy_today,0.03,zigbee_mqtt
2026-04-29 13:15:13,0xa4c138057801ffff,energy_yesterday,0,zigbee_mqtt
2026-04-29 13:15:13,0xa4c138057801ffff,linkquality,162,zigbee_mqtt
2026-04-29 13:15:13,0xa4c138057801ffff,power,42.59,zigbee_mqtt
2026-04-29 13:15:13,0xa4c138057801ffff,state,ON,zigbee_mqtt
2026-04-29 13:15:13,0xa4c138057801ffff,voltage,236.45,zigbee_mqtt
2026-04-29 13:15:13,0xa4c138057801ffff,current,0.39,zigbee_mqtt
2026-04-29 13:15:13,0xa4c138057801ffff,energy,0.03,zigbee_mqtt
2026-04-29 13:15:13,0xa4c138057801ffff,energy_month,0.03,zigbee_mqtt
2026-04-29 13:15:13,0xa4c138057801ffff,energy_today,0.03,zigbee_mqtt
2026-04-29 13:15:13,0xa4c138057801ffff,energy_yesterday,0,zigbee_mqtt
2026-04-29 13:15:13,0xa4c138057801ffff,linkquality,153,zigbee_mqtt
2026-04-29 13:15:13,0xa4c138057801ffff,power,47.27,zigbee_mqtt
2026-04-29 13:15:13,0xa4c138057801ffff,state,ON,zigbee_mqtt
2026-04-29 13:15:13,0xa4c138057801ffff,voltage,236.45,zigbee_mqtt
2026-04-29 13:15:17,0xa4c1380538efffff,current,0,zigbee_mqtt
2026-04-29 13:15:17,0xa4c1380538efffff,energy,0,zigbee_mqtt
2026-04-29 13:15:17,0xa4c1380538efffff,energy_month,0,zigbee_mqtt
2026-04-29 13:15:17,0xa4c1380538efffff,energy_today,0,zigbee_mqtt
2026-04-29 13:15:17,0xa4c1380538efffff,energy_yesterday,0,zigbee_mqtt
2026-04-29 13:15:17,0xa4c1380538efffff,linkquality,204,zigbee_mqtt
2026-04-29 13:15:17,0xa4c1380538efffff,power,0,zigbee_mqtt
2026-04-29 13:15:17,0xa4c1380538efffff,state,OFF,zigbee_mqtt
2026-04-29 13:15:17,0xa4c1380538efffff,voltage,237.07,zigbee_mqtt
2026-04-29 13:15:23,0xa4c138057801ffff,current,0.29,zigbee_mqtt
2026-04-29 13:15:23,0xa4c138057801ffff,energy,0.03,zigbee_mqtt
2026-04-29 13:15:23,0xa4c138057801ffff,energy_month,0.03,zigbee_mqtt
2026-04-29 13:15:23,0xa4c138057801ffff,energy_today,0.03,zigbee_mqtt
2026-04-29 13:15:23,0xa4c138057801ffff,energy_yesterday,0,zigbee_mqtt
2026-04-29 13:15:23,0xa4c138057801ffff,linkquality,153,zigbee_mqtt
2026-04-29 13:15:23,0xa4c138057801ffff,power,47.27,zigbee_mqtt
2026-04-29 13:15:23,0xa4c138057801ffff,state,ON,zigbee_mqtt
2026-04-29 13:15:23,0xa4c138057801ffff,voltage,236.45,zigbee_mqtt
2026-04-29 13:15:23,0xa4c138057801ffff,current,0.29,zigbee_mqtt
2026-04-29 13:15:23,0xa4c138057801ffff,energy,0.03,zigbee_mqtt
2026-04-29 13:15:23,0xa4c138057801ffff,energy_month,0.03,zigbee_mqtt
2026-04-29 13:15:23,0xa4c138057801ffff,energy_today,0.03,zigbee_mqtt
2026-04-29 13:15:23,0xa4c138057801ffff,energy_yesterday,0,zigbee_mqtt
2026-04-29 13:15:23,0xa4c138057801ffff,linkquality,153,zigbee_mqtt
2026-04-29 13:15:23,0xa4c138057801ffff,power,43.88,zigbee_mqtt
2026-04-29 13:15:23,0xa4c138057801ffff,state,ON,zigbee_mqtt
2026-04-29 13:15:23,0xa4c138057801ffff,voltage,236.45,zigbee_mqtt
2026-04-29 13:15:27,0xa4c1380538efffff,current,0,zigbee_mqtt
2026-04-29 13:15:27,0xa4c1380538efffff,energy,0,zigbee_mqtt
2026-04-29 13:15:27,0xa4c1380538efffff,energy_month,0,zigbee_mqtt
2026-04-29 13:15:27,0xa4c1380538efffff,energy_today,0,zigbee_mqtt
2026-04-29 13:15:27,0xa4c1380538efffff,energy_yesterday,0,zigbee_mqtt
2026-04-29 13:15:27,0xa4c1380538efffff,linkquality,207,zigbee_mqtt
2026-04-29 13:15:27,0xa4c1380538efffff,power,0,zigbee_mqtt
2026-04-29 13:15:27,0xa4c1380538efffff,state,OFF,zigbee_mqtt
2026-04-29 13:15:27,0xa4c1380538efffff,voltage,237.07,zigbee_mqtt
2026-04-29 13:15:33,0xa4c138057801ffff,current,0.23,zigbee_mqtt
2026-04-29 13:15:33,0xa4c138057801ffff,energy,0.03,zigbee_mqtt
2026-04-29 13:15:33,0xa4c138057801ffff,energy_month,0.03,zigbee_mqtt
2026-04-29 13:15:33,0xa4c138057801ffff,energy_today,0.03,zigbee_mqtt
2026-04-29 13:15:33,0xa4c138057801ffff,energy_yesterday,0,zigbee_mqtt
2026-04-29 13:15:33,0xa4c138057801ffff,linkquality,147,zigbee_mqtt
2026-04-29 13:15:33,0xa4c138057801ffff,power,43.88,zigbee_mqtt
2026-04-29 13:15:33,0xa4c138057801ffff,state,ON,zigbee_mqtt
2026-04-29 13:15:33,0xa4c138057801ffff,voltage,236.45,zigbee_mqtt
2026-04-29 13:15:33,0xa4c138057801ffff,current,0.23,zigbee_mqtt
2026-04-29 13:15:33,0xa4c138057801ffff,energy,0.03,zigbee_mqtt
2026-04-29 13:15:33,0xa4c138057801ffff,energy_month,0.03,zigbee_mqtt
2026-04-29 13:15:33,0xa4c138057801ffff,energy_today,0.03,zigbee_mqtt
2026-04-29 13:15:33,0xa4c138057801ffff,energy_yesterday,0,zigbee_mqtt
2026-04-29 13:15:33,0xa4c138057801ffff,linkquality,153,zigbee_mqtt
2026-04-29 13:15:33,0xa4c138057801ffff,power,45.7,zigbee_mqtt
2026-04-29 13:15:33,0xa4c138057801ffff,state,ON,zigbee_mqtt
2026-04-29 13:15:33,0xa4c138057801ffff,voltage,236.45,zigbee_mqtt
2026-04-29 13:15:37,0xa4c1380538efffff,current,0,zigbee_mqtt
2026-04-29 13:15:37,0xa4c1380538efffff,energy,0,zigbee_mqtt
2026-04-29 13:15:37,0xa4c1380538efffff,energy_month,0,zigbee_mqtt
2026-04-29 13:15:37,0xa4c1380538efffff,energy_today,0,zigbee_mqtt
2026-04-29 13:15:37,0xa4c1380538efffff,energy_yesterday,0,zigbee_mqtt
2026-04-29 13:15:37,0xa4c1380538efffff,linkquality,207,zigbee_mqtt
2026-04-29 13:15:37,0xa4c1380538efffff,power,0,zigbee_mqtt
2026-04-29 13:15:37,0xa4c1380538efffff,state,OFF,zigbee_mqtt
2026-04-29 13:15:37,0xa4c1380538efffff,voltage,237.07,zigbee_mqtt
2026-04-29 13:15:43,0xa4c138057801ffff,current,0.4,zigbee_mqtt
2026-04-29 13:15:43,0xa4c138057801ffff,energy,0.03,zigbee_mqtt
2026-04-29 13:15:43,0xa4c138057801ffff,energy_month,0.03,zigbee_mqtt
2026-04-29 13:15:43,0xa4c138057801ffff,energy_today,0.03,zigbee_mqtt
2026-04-29 13:15:43,0xa4c138057801ffff,energy_yesterday,0,zigbee_mqtt
2026-04-29 13:15:43,0xa4c138057801ffff,linkquality,153,zigbee_mqtt
2026-04-29 13:15:43,0xa4c138057801ffff,power,45.7,zigbee_mqtt
2026-04-29 13:15:43,0xa4c138057801ffff,state,ON,zigbee_mqtt
2026-04-29 13:15:43,0xa4c138057801ffff,voltage,236.45,zigbee_mqtt
2026-04-29 13:15:43,0xa4c138057801ffff,current,0.4,zigbee_mqtt
2026-04-29 13:15:43,0xa4c138057801ffff,energy,0.03,zigbee_mqtt
2026-04-29 13:15:43,0xa4c138057801ffff,energy_month,0.03,zigbee_mqtt
2026-04-29 13:15:43,0xa4c138057801ffff,energy_today,0.03,zigbee_mqtt
2026-04-29 13:15:43,0xa4c138057801ffff,energy_yesterday,0,zigbee_mqtt
2026-04-29 13:15:43,0xa4c138057801ffff,linkquality,150,zigbee_mqtt
2026-04-29 13:15:43,0xa4c138057801ffff,power,45.26,zigbee_mqtt
2026-04-29 13:15:43,0xa4c138057801ffff,state,ON,zigbee_mqtt
2026-04-29 13:15:43,0xa4c138057801ffff,voltage,236.45,zigbee_mqtt
2026-04-29 13:15:47,0xa4c1380538efffff,current,0,zigbee_mqtt
2026-04-29 13:15:47,0xa4c1380538efffff,energy,0,zigbee_mqtt
2026-04-29 13:15:47,0xa4c1380538efffff,energy_month,0,zigbee_mqtt
2026-04-29 13:15:47,0xa4c1380538efffff,energy_today,0,zigbee_mqtt
2026-04-29 13:15:47,0xa4c1380538efffff,energy_yesterday,0,zigbee_mqtt
2026-04-29 13:15:47,0xa4c1380538efffff,linkquality,207,zigbee_mqtt
2026-04-29 13:15:47,0xa4c1380538efffff,power,0,zigbee_mqtt
2026-04-29 13:15:47,0xa4c1380538efffff,state,OFF,zigbee_mqtt
2026-04-29 13:15:47,0xa4c1380538efffff,voltage,237.07,zigbee_mqtt
2026-04-29 13:15:53,0xa4c138057801ffff,current,0.22,zigbee_mqtt
2026-04-29 13:15:53,0xa4c138057801ffff,energy,0.03,zigbee_mqtt
2026-04-29 13:15:53,0xa4c138057801ffff,energy_month,0.03,zigbee_mqtt
2026-04-29 13:15:53,0xa4c138057801ffff,energy_today,0.03,zigbee_mqtt
2026-04-29 13:15:53,0xa4c138057801ffff,energy_yesterday,0,zigbee_mqtt
2026-04-29 13:15:53,0xa4c138057801ffff,linkquality,150,zigbee_mqtt
2026-04-29 13:15:53,0xa4c138057801ffff,power,45.26,zigbee_mqtt
2026-04-29 13:15:53,0xa4c138057801ffff,state,ON,zigbee_mqtt
2026-04-29 13:15:53,0xa4c138057801ffff,voltage,236.45,zigbee_mqtt
2026-04-29 13:15:53,0xa4c138057801ffff,current,0.22,zigbee_mqtt
2026-04-29 13:15:53,0xa4c138057801ffff,energy,0.03,zigbee_mqtt
2026-04-29 13:15:53,0xa4c138057801ffff,energy_month,0.03,zigbee_mqtt
2026-04-29 13:15:53,0xa4c138057801ffff,energy_today,0.03,zigbee_mqtt
2026-04-29 13:15:53,0xa4c138057801ffff,energy_yesterday,0,zigbee_mqtt
2026-04-29 13:15:53,0xa4c138057801ffff,linkquality,153,zigbee_mqtt
2026-04-29 13:15:53,0xa4c138057801ffff,power,44.83,zigbee_mqtt
2026-04-29 13:15:53,0xa4c138057801ffff,state,ON,zigbee_mqtt
2026-04-29 13:15:53,0xa4c138057801ffff,voltage,236.45,zigbee_mqtt
2026-04-29 13:15:57,0xa4c1380538efffff,current,0,zigbee_mqtt
2026-04-29 13:15:57,0xa4c1380538efffff,energy,0,zigbee_mqtt
2026-04-29 13:15:57,0xa4c1380538efffff,energy_month,0,zigbee_mqtt
2026-04-29 13:15:57,0xa4c1380538efffff,energy_today,0,zigbee_mqtt
2026-04-29 13:15:57,0xa4c1380538efffff,energy_yesterday,0,zigbee_mqtt
2026-04-29 13:15:57,0xa4c1380538efffff,linkquality,207,zigbee_mqtt
2026-04-29 13:15:57,0xa4c1380538efffff,power,0,zigbee_mqtt
2026-04-29 13:15:57,0xa4c1380538efffff,state,OFF,zigbee_mqtt
2026-04-29 13:15:57,0xa4c1380538efffff,voltage,237.07,zigbee_mqtt
2026-04-29 13:16:03,0xa4c138057801ffff,current,0.22,zigbee_mqtt
2026-04-29 13:16:03,0xa4c138057801ffff,energy,0.03,zigbee_mqtt
2026-04-29 13:16:03,0xa4c138057801ffff,energy_month,0.03,zigbee_mqtt
2026-04-29 13:16:03,0xa4c138057801ffff,energy_today,0.03,zigbee_mqtt
2026-04-29 13:16:03,0xa4c138057801ffff,energy_yesterday,0,zigbee_mqtt
2026-04-29 13:16:03,0xa4c138057801ffff,linkquality,153,zigbee_mqtt
2026-04-29 13:16:03,0xa4c138057801ffff,power,44.83,zigbee_mqtt
2026-04-29 13:16:03,0xa4c138057801ffff,state,ON,zigbee_mqtt
2026-04-29 13:16:03,0xa4c138057801ffff,voltage,236.45,zigbee_mqtt
2026-04-29 13:16:03,0xa4c138057801ffff,current,0.22,zigbee_mqtt
2026-04-29 13:16:03,0xa4c138057801ffff,energy,0.03,zigbee_mqtt
2026-04-29 13:16:03,0xa4c138057801ffff,energy_month,0.03,zigbee_mqtt
2026-04-29 13:16:03,0xa4c138057801ffff,energy_today,0.03,zigbee_mqtt
2026-04-29 13:16:03,0xa4c138057801ffff,energy_yesterday,0,zigbee_mqtt
2026-04-29 13:16:03,0xa4c138057801ffff,linkquality,153,zigbee_mqtt
2026-04-29 13:16:03,0xa4c138057801ffff,power,45.31,zigbee_mqtt
2026-04-29 13:16:03,0xa4c138057801ffff,state,ON,zigbee_mqtt
2026-04-29 13:16:03,0xa4c138057801ffff,voltage,236.45,zigbee_mqtt
2026-04-29 13:16:07,0xa4c1380538efffff,current,0,zigbee_mqtt
2026-04-29 13:16:07,0xa4c1380538efffff,energy,0,zigbee_mqtt
2026-04-29 13:16:07,0xa4c1380538efffff,energy_month,0,zigbee_mqtt
2026-04-29 13:16:07,0xa4c1380538efffff,energy_today,0,zigbee_mqtt
2026-04-29 13:16:07,0xa4c1380538efffff,energy_yesterday,0,zigbee_mqtt
2026-04-29 13:16:07,0xa4c1380538efffff,linkquality,204,zigbee_mqtt
2026-04-29 13:16:07,0xa4c1380538efffff,power,0,zigbee_mqtt
2026-04-29 13:16:07,0xa4c1380538efffff,state,OFF,zigbee_mqtt
2026-04-29 13:16:07,0xa4c1380538efffff,voltage,237.07,zigbee_mqtt
2026-04-29 13:16:13,0xa4c138057801ffff,current,0.36,zigbee_mqtt
2026-04-29 13:16:13,0xa4c138057801ffff,energy,0.03,zigbee_mqtt
2026-04-29 13:16:13,0xa4c138057801ffff,energy_month,0.03,zigbee_mqtt
2026-04-29 13:16:13,0xa4c138057801ffff,energy_today,0.03,zigbee_mqtt
2026-04-29 13:16:13,0xa4c138057801ffff,energy_yesterday,0,zigbee_mqtt
2026-04-29 13:16:13,0xa4c138057801ffff,linkquality,153,zigbee_mqtt
2026-04-29 13:16:13,0xa4c138057801ffff,power,45.31,zigbee_mqtt
2026-04-29 13:16:13,0xa4c138057801ffff,state,ON,zigbee_mqtt
2026-04-29 13:16:13,0xa4c138057801ffff,voltage,236.45,zigbee_mqtt
2026-04-29 13:16:13,0xa4c138057801ffff,current,0.36,zigbee_mqtt
2026-04-29 13:16:13,0xa4c138057801ffff,energy,0.03,zigbee_mqtt
2026-04-29 13:16:13,0xa4c138057801ffff,energy_month,0.03,zigbee_mqtt
2026-04-29 13:16:13,0xa4c138057801ffff,energy_today,0.03,zigbee_mqtt
2026-04-29 13:16:13,0xa4c138057801ffff,energy_yesterday,0,zigbee_mqtt
2026-04-29 13:16:13,0xa4c138057801ffff,linkquality,153,zigbee_mqtt
2026-04-29 13:16:13,0xa4c138057801ffff,power,42.77,zigbee_mqtt
2026-04-29 13:16:13,0xa4c138057801ffff,state,ON,zigbee_mqtt
2026-04-29 13:16:13,0xa4c138057801ffff,voltage,236.45,zigbee_mqtt
2026-04-29 13:16:17,0xa4c1380538efffff,current,0,zigbee_mqtt
2026-04-29 13:16:17,0xa4c1380538efffff,energy,0,zigbee_mqtt
2026-04-29 13:16:17,0xa4c1380538efffff,energy_month,0,zigbee_mqtt
2026-04-29 13:16:17,0xa4c1380538efffff,energy_today,0,zigbee_mqtt
2026-04-29 13:16:17,0xa4c1380538efffff,energy_yesterday,0,zigbee_mqtt
2026-04-29 13:16:17,0xa4c1380538efffff,linkquality,204,zigbee_mqtt
2026-04-29 13:16:17,0xa4c1380538efffff,power,0,zigbee_mqtt
2026-04-29 13:16:17,0xa4c1380538efffff,state,OFF,zigbee_mqtt
2026-04-29 13:16:17,0xa4c1380538efffff,voltage,237.07,zigbee_mqtt
2026-04-29 13:16:23,0xa4c138057801ffff,current,0.37,zigbee_mqtt
2026-04-29 13:16:23,0xa4c138057801ffff,energy,0.03,zigbee_mqtt
2026-04-29 13:16:23,0xa4c138057801ffff,energy_month,0.03,zigbee_mqtt
2026-04-29 13:16:23,0xa4c138057801ffff,energy_today,0.03,zigbee_mqtt
2026-04-29 13:16:23,0xa4c138057801ffff,energy_yesterday,0,zigbee_mqtt
2026-04-29 13:16:23,0xa4c138057801ffff,linkquality,159,zigbee_mqtt
2026-04-29 13:16:23,0xa4c138057801ffff,power,42.77,zigbee_mqtt
2026-04-29 13:16:23,0xa4c138057801ffff,state,ON,zigbee_mqtt
2026-04-29 13:16:23,0xa4c138057801ffff,voltage,236.45,zigbee_mqtt
2026-04-29 13:16:23,0xa4c138057801ffff,current,0.37,zigbee_mqtt
2026-04-29 13:16:23,0xa4c138057801ffff,energy,0.03,zigbee_mqtt
2026-04-29 13:16:23,0xa4c138057801ffff,energy_month,0.03,zigbee_mqtt
2026-04-29 13:16:23,0xa4c138057801ffff,energy_today,0.03,zigbee_mqtt
2026-04-29 13:16:23,0xa4c138057801ffff,energy_yesterday,0,zigbee_mqtt
2026-04-29 13:16:23,0xa4c138057801ffff,linkquality,156,zigbee_mqtt
2026-04-29 13:16:23,0xa4c138057801ffff,power,46.49,zigbee_mqtt
2026-04-29 13:16:23,0xa4c138057801ffff,state,ON,zigbee_mqtt
2026-04-29 13:16:23,0xa4c138057801ffff,voltage,236.45,zigbee_mqtt
2026-04-29 13:16:27,0xa4c1380538efffff,current,0,zigbee_mqtt
2026-04-29 13:16:27,0xa4c1380538efffff,energy,0,zigbee_mqtt
2026-04-29 13:16:27,0xa4c1380538efffff,energy_month,0,zigbee_mqtt
2026-04-29 13:16:27,0xa4c1380538efffff,energy_today,0,zigbee_mqtt
2026-04-29 13:16:27,0xa4c1380538efffff,energy_yesterday,0,zigbee_mqtt
2026-04-29 13:16:27,0xa4c1380538efffff,linkquality,204,zigbee_mqtt
2026-04-29 13:16:27,0xa4c1380538efffff,power,0,zigbee_mqtt
2026-04-29 13:16:27,0xa4c1380538efffff,state,OFF,zigbee_mqtt
2026-04-29 13:16:27,0xa4c1380538efffff,voltage,237.07,zigbee_mqtt
2026-04-29 13:16:33,0xa4c138057801ffff,current,0.22,zigbee_mqtt
2026-04-29 13:16:33,0xa4c138057801ffff,energy,0.03,zigbee_mqtt
2026-04-29 13:16:33,0xa4c138057801ffff,energy_month,0.03,zigbee_mqtt
2026-04-29 13:16:33,0xa4c138057801ffff,energy_today,0.03,zigbee_mqtt
2026-04-29 13:16:33,0xa4c138057801ffff,energy_yesterday,0,zigbee_mqtt
2026-04-29 13:16:33,0xa4c138057801ffff,linkquality,156,zigbee_mqtt
2026-04-29 13:16:33,0xa4c138057801ffff,power,46.49,zigbee_mqtt
2026-04-29 13:16:33,0xa4c138057801ffff,state,ON,zigbee_mqtt
2026-04-29 13:16:33,0xa4c138057801ffff,voltage,236.45,zigbee_mqtt
2026-04-29 13:16:33,0xa4c138057801ffff,current,0.22,zigbee_mqtt
2026-04-29 13:16:33,0xa4c138057801ffff,energy,0.03,zigbee_mqtt
2026-04-29 13:16:33,0xa4c138057801ffff,energy_month,0.03,zigbee_mqtt
2026-04-29 13:16:33,0xa4c138057801ffff,energy_today,0.03,zigbee_mqtt
2026-04-29 13:16:33,0xa4c138057801ffff,energy_yesterday,0,zigbee_mqtt
2026-04-29 13:16:33,0xa4c138057801ffff,linkquality,159,zigbee_mqtt
2026-04-29 13:16:33,0xa4c138057801ffff,power,44.91,zigbee_mqtt
2026-04-29 13:16:33,0xa4c138057801ffff,state,ON,zigbee_mqtt
2026-04-29 13:16:33,0xa4c138057801ffff,voltage,236.45,zigbee_mqtt
2026-04-29 13:16:37,0xa4c1380538efffff,current,0,zigbee_mqtt
2026-04-29 13:16:37,0xa4c1380538efffff,energy,0,zigbee_mqtt
2026-04-29 13:16:37,0xa4c1380538efffff,energy_month,0,zigbee_mqtt
2026-04-29 13:16:37,0xa4c1380538efffff,energy_today,0,zigbee_mqtt
2026-04-29 13:16:37,0xa4c1380538efffff,energy_yesterday,0,zigbee_mqtt
2026-04-29 13:16:37,0xa4c1380538efffff,linkquality,204,zigbee_mqtt
2026-04-29 13:16:37,0xa4c1380538efffff,power,0,zigbee_mqtt
2026-04-29 13:16:37,0xa4c1380538efffff,state,OFF,zigbee_mqtt
2026-04-29 13:16:37,0xa4c1380538efffff,voltage,237.07,zigbee_mqtt
2026-04-29 13:16:43,0xa4c138057801ffff,current,0.22,zigbee_mqtt
2026-04-29 13:16:43,0xa4c138057801ffff,energy,0.03,zigbee_mqtt
2026-04-29 13:16:43,0xa4c138057801ffff,energy_month,0.03,zigbee_mqtt
2026-04-29 13:16:43,0xa4c138057801ffff,energy_today,0.03,zigbee_mqtt
2026-04-29 13:16:43,0xa4c138057801ffff,energy_yesterday,0,zigbee_mqtt
2026-04-29 13:16:43,0xa4c138057801ffff,linkquality,150,zigbee_mqtt
2026-04-29 13:16:43,0xa4c138057801ffff,power,45.04,zigbee_mqtt
2026-04-29 13:16:43,0xa4c138057801ffff,state,ON,zigbee_mqtt
2026-04-29 13:16:43,0xa4c138057801ffff,voltage,236.45,zigbee_mqtt
2026-04-29 13:16:45,0xa4c138057801ffff,current,0.22,zigbee_mqtt
2026-04-29 13:16:45,0xa4c138057801ffff,energy,0.03,zigbee_mqtt
2026-04-29 13:16:45,0xa4c138057801ffff,energy_month,0.03,zigbee_mqtt
2026-04-29 13:16:45,0xa4c138057801ffff,energy_today,0.03,zigbee_mqtt
2026-04-29 13:16:45,0xa4c138057801ffff,energy_yesterday,0,zigbee_mqtt
2026-04-29 13:16:45,0xa4c138057801ffff,linkquality,156,zigbee_mqtt
2026-04-29 13:16:45,0xa4c138057801ffff,power,45.04,zigbee_mqtt
2026-04-29 13:16:45,0xa4c138057801ffff,state,ON,zigbee_mqtt
2026-04-29 13:16:45,0xa4c138057801ffff,voltage,236.45,zigbee_mqtt
2026-04-29 13:16:47,0xa4c1380538efffff,current,0,zigbee_mqtt
2026-04-29 13:16:47,0xa4c1380538efffff,energy,0,zigbee_mqtt
2026-04-29 13:16:47,0xa4c1380538efffff,energy_month,0,zigbee_mqtt
2026-04-29 13:16:47,0xa4c1380538efffff,energy_today,0,zigbee_mqtt
2026-04-29 13:16:47,0xa4c1380538efffff,energy_yesterday,0,zigbee_mqtt
2026-04-29 13:16:47,0xa4c1380538efffff,linkquality,204,zigbee_mqtt
2026-04-29 13:16:47,0xa4c1380538efffff,power,0,zigbee_mqtt
2026-04-29 13:16:47,0xa4c1380538efffff,state,OFF,zigbee_mqtt
2026-04-29 13:16:47,0xa4c1380538efffff,voltage,237.07,zigbee_mqtt
2026-04-29 13:16:53,0xa4c138057801ffff,current,0.22,zigbee_mqtt
2026-04-29 13:16:53,0xa4c138057801ffff,energy,0.03,zigbee_mqtt
2026-04-29 13:16:53,0xa4c138057801ffff,energy_month,0.03,zigbee_mqtt
2026-04-29 13:16:53,0xa4c138057801ffff,energy_today,0.03,zigbee_mqtt
2026-04-29 13:16:53,0xa4c138057801ffff,energy_yesterday,0,zigbee_mqtt
2026-04-29 13:16:53,0xa4c138057801ffff,linkquality,144,zigbee_mqtt
2026-04-29 13:16:53,0xa4c138057801ffff,power,45.29,zigbee_mqtt
2026-04-29 13:16:53,0xa4c138057801ffff,state,ON,zigbee_mqtt
2026-04-29 13:16:53,0xa4c138057801ffff,voltage,236.45,zigbee_mqtt
2026-04-29 13:16:55,0xa4c138057801ffff,current,0.23,zigbee_mqtt
2026-04-29 13:16:55,0xa4c138057801ffff,energy,0.03,zigbee_mqtt
2026-04-29 13:16:55,0xa4c138057801ffff,energy_month,0.03,zigbee_mqtt
2026-04-29 13:16:55,0xa4c138057801ffff,energy_today,0.03,zigbee_mqtt
2026-04-29 13:16:55,0xa4c138057801ffff,energy_yesterday,0,zigbee_mqtt
2026-04-29 13:16:55,0xa4c138057801ffff,linkquality,153,zigbee_mqtt
2026-04-29 13:16:55,0xa4c138057801ffff,power,45.29,zigbee_mqtt
2026-04-29 13:16:55,0xa4c138057801ffff,state,ON,zigbee_mqtt
2026-04-29 13:16:55,0xa4c138057801ffff,voltage,236.45,zigbee_mqtt
2026-04-29 13:16:57,0xa4c1380538efffff,current,0,zigbee_mqtt
2026-04-29 13:16:57,0xa4c1380538efffff,energy,0,zigbee_mqtt
2026-04-29 13:16:57,0xa4c1380538efffff,energy_month,0,zigbee_mqtt
2026-04-29 13:16:57,0xa4c1380538efffff,energy_today,0,zigbee_mqtt
2026-04-29 13:16:57,0xa4c1380538efffff,energy_yesterday,0,zigbee_mqtt
2026-04-29 13:16:57,0xa4c1380538efffff,linkquality,195,zigbee_mqtt
2026-04-29 13:16:57,0xa4c1380538efffff,power,0,zigbee_mqtt
2026-04-29 13:16:57,0xa4c1380538efffff,state,OFF,zigbee_mqtt
2026-04-29 13:16:57,0xa4c1380538efffff,voltage,237.07,zigbee_mqtt
2026-04-29 13:17:03,0xa4c138057801ffff,current,0.23,zigbee_mqtt
2026-04-29 13:17:03,0xa4c138057801ffff,energy,0.03,zigbee_mqtt
2026-04-29 13:17:03,0xa4c138057801ffff,energy_month,0.03,zigbee_mqtt
2026-04-29 13:17:03,0xa4c138057801ffff,energy_today,0.03,zigbee_mqtt
2026-04-29 13:17:03,0xa4c138057801ffff,energy_yesterday,0,zigbee_mqtt
2026-04-29 13:17:03,0xa4c138057801ffff,linkquality,135,zigbee_mqtt
2026-04-29 13:17:03,0xa4c138057801ffff,power,42.64,zigbee_mqtt
2026-04-29 13:17:03,0xa4c138057801ffff,state,ON,zigbee_mqtt
2026-04-29 13:17:03,0xa4c138057801ffff,voltage,236.45,zigbee_mqtt
2026-04-29 13:17:05,0xa4c138057801ffff,current,0.36,zigbee_mqtt
2026-04-29 13:17:05,0xa4c138057801ffff,energy,0.03,zigbee_mqtt
2026-04-29 13:17:05,0xa4c138057801ffff,energy_month,0.03,zigbee_mqtt
2026-04-29 13:17:05,0xa4c138057801ffff,energy_today,0.03,zigbee_mqtt
2026-04-29 13:17:05,0xa4c138057801ffff,energy_yesterday,0,zigbee_mqtt
2026-04-29 13:17:05,0xa4c138057801ffff,linkquality,135,zigbee_mqtt
2026-04-29 13:17:05,0xa4c138057801ffff,power,42.64,zigbee_mqtt
2026-04-29 13:17:05,0xa4c138057801ffff,state,ON,zigbee_mqtt
2026-04-29 13:17:05,0xa4c138057801ffff,voltage,236.45,zigbee_mqtt
2026-04-29 13:17:07,0xa4c1380538efffff,current,0,zigbee_mqtt
2026-04-29 13:17:07,0xa4c1380538efffff,energy,0,zigbee_mqtt
2026-04-29 13:17:07,0xa4c1380538efffff,energy_month,0,zigbee_mqtt
2026-04-29 13:17:07,0xa4c1380538efffff,energy_today,0,zigbee_mqtt
2026-04-29 13:17:07,0xa4c1380538efffff,energy_yesterday,0,zigbee_mqtt
2026-04-29 13:17:07,0xa4c1380538efffff,linkquality,192,zigbee_mqtt
2026-04-29 13:17:07,0xa4c1380538efffff,power,0,zigbee_mqtt
2026-04-29 13:17:07,0xa4c1380538efffff,state,OFF,zigbee_mqtt
2026-04-29 13:17:07,0xa4c1380538efffff,voltage,237.07,zigbee_mqtt
2026-04-29 13:17:13,0xa4c138057801ffff,current,0.36,zigbee_mqtt
2026-04-29 13:17:13,0xa4c138057801ffff,energy,0.03,zigbee_mqtt
2026-04-29 13:17:13,0xa4c138057801ffff,energy_month,0.03,zigbee_mqtt
2026-04-29 13:17:13,0xa4c138057801ffff,energy_today,0.03,zigbee_mqtt
2026-04-29 13:17:13,0xa4c138057801ffff,energy_yesterday,0,zigbee_mqtt
2026-04-29 13:17:13,0xa4c138057801ffff,linkquality,132,zigbee_mqtt
2026-04-29 13:17:13,0xa4c138057801ffff,power,42.69,zigbee_mqtt
2026-04-29 13:17:13,0xa4c138057801ffff,state,ON,zigbee_mqtt
2026-04-29 13:17:13,0xa4c138057801ffff,voltage,236.45,zigbee_mqtt
2026-04-29 13:17:15,0xa4c138057801ffff,current,0.37,zigbee_mqtt
2026-04-29 13:17:15,0xa4c138057801ffff,energy,0.03,zigbee_mqtt
2026-04-29 13:17:15,0xa4c138057801ffff,energy_month,0.03,zigbee_mqtt
2026-04-29 13:17:15,0xa4c138057801ffff,energy_today,0.03,zigbee_mqtt
2026-04-29 13:17:15,0xa4c138057801ffff,energy_yesterday,0,zigbee_mqtt
2026-04-29 13:17:15,0xa4c138057801ffff,linkquality,132,zigbee_mqtt
2026-04-29 13:17:15,0xa4c138057801ffff,power,42.69,zigbee_mqtt
2026-04-29 13:17:15,0xa4c138057801ffff,state,ON,zigbee_mqtt
2026-04-29 13:17:15,0xa4c138057801ffff,voltage,236.45,zigbee_mqtt
2026-04-29 13:17:17,0xa4c1380538efffff,current,0,zigbee_mqtt
2026-04-29 13:17:17,0xa4c1380538efffff,energy,0,zigbee_mqtt
2026-04-29 13:17:17,0xa4c1380538efffff,energy_month,0,zigbee_mqtt
2026-04-29 13:17:17,0xa4c1380538efffff,energy_today,0,zigbee_mqtt
2026-04-29 13:17:17,0xa4c1380538efffff,energy_yesterday,0,zigbee_mqtt
2026-04-29 13:17:17,0xa4c1380538efffff,linkquality,192,zigbee_mqtt
2026-04-29 13:17:17,0xa4c1380538efffff,power,0,zigbee_mqtt
2026-04-29 13:17:17,0xa4c1380538efffff,state,OFF,zigbee_mqtt
2026-04-29 13:17:17,0xa4c1380538efffff,voltage,237.07,zigbee_mqtt
2026-04-29 13:17:23,0xa4c138057801ffff,current,0.37,zigbee_mqtt
2026-04-29 13:17:23,0xa4c138057801ffff,energy,0.03,zigbee_mqtt
2026-04-29 13:17:23,0xa4c138057801ffff,energy_month,0.03,zigbee_mqtt
2026-04-29 13:17:23,0xa4c138057801ffff,energy_today,0.03,zigbee_mqtt
2026-04-29 13:17:23,0xa4c138057801ffff,energy_yesterday,0,zigbee_mqtt
2026-04-29 13:17:23,0xa4c138057801ffff,linkquality,135,zigbee_mqtt
2026-04-29 13:17:23,0xa4c138057801ffff,power,44.47,zigbee_mqtt
2026-04-29 13:17:23,0xa4c138057801ffff,state,ON,zigbee_mqtt
2026-04-29 13:17:23,0xa4c138057801ffff,voltage,236.45,zigbee_mqtt
2026-04-29 13:17:25,0xa4c138057801ffff,current,0.37,zigbee_mqtt
2026-04-29 13:17:25,0xa4c138057801ffff,energy,0.03,zigbee_mqtt
2026-04-29 13:17:25,0xa4c138057801ffff,energy_month,0.03,zigbee_mqtt
2026-04-29 13:17:25,0xa4c138057801ffff,energy_today,0.03,zigbee_mqtt
2026-04-29 13:17:25,0xa4c138057801ffff,energy_yesterday,0,zigbee_mqtt
2026-04-29 13:17:25,0xa4c138057801ffff,linkquality,162,zigbee_mqtt
2026-04-29 13:17:25,0xa4c138057801ffff,power,44.47,zigbee_mqtt
2026-04-29 13:17:25,0xa4c138057801ffff,state,ON,zigbee_mqtt
2026-04-29 13:17:25,0xa4c138057801ffff,voltage,236.45,zigbee_mqtt
2026-04-29 13:17:27,0xa4c1380538efffff,current,0,zigbee_mqtt
2026-04-29 13:17:27,0xa4c1380538efffff,energy,0,zigbee_mqtt
2026-04-29 13:17:27,0xa4c1380538efffff,energy_month,0,zigbee_mqtt
2026-04-29 13:17:27,0xa4c1380538efffff,energy_today,0,zigbee_mqtt
2026-04-29 13:17:27,0xa4c1380538efffff,energy_yesterday,0,zigbee_mqtt
2026-04-29 13:17:27,0xa4c1380538efffff,linkquality,207,zigbee_mqtt
2026-04-29 13:17:27,0xa4c1380538efffff,power,0,zigbee_mqtt
2026-04-29 13:17:27,0xa4c1380538efffff,state,OFF,zigbee_mqtt
2026-04-29 13:17:27,0xa4c1380538efffff,voltage,237.07,zigbee_mqtt
2026-04-29 13:17:33,0xa4c138057801ffff,current,0.37,zigbee_mqtt
2026-04-29 13:17:33,0xa4c138057801ffff,energy,0.03,zigbee_mqtt
2026-04-29 13:17:33,0xa4c138057801ffff,energy_month,0.03,zigbee_mqtt
2026-04-29 13:17:33,0xa4c138057801ffff,energy_today,0.03,zigbee_mqtt
2026-04-29 13:17:33,0xa4c138057801ffff,energy_yesterday,0,zigbee_mqtt
2026-04-29 13:17:33,0xa4c138057801ffff,linkquality,153,zigbee_mqtt
2026-04-29 13:17:33,0xa4c138057801ffff,power,44.21,zigbee_mqtt
2026-04-29 13:17:33,0xa4c138057801ffff,state,ON,zigbee_mqtt
2026-04-29 13:17:33,0xa4c138057801ffff,voltage,236.45,zigbee_mqtt
2026-04-29 13:17:35,0xa4c138057801ffff,current,0.36,zigbee_mqtt
2026-04-29 13:17:35,0xa4c138057801ffff,energy,0.03,zigbee_mqtt
2026-04-29 13:17:35,0xa4c138057801ffff,energy_month,0.03,zigbee_mqtt
2026-04-29 13:17:35,0xa4c138057801ffff,energy_today,0.03,zigbee_mqtt
2026-04-29 13:17:35,0xa4c138057801ffff,energy_yesterday,0,zigbee_mqtt
2026-04-29 13:17:35,0xa4c138057801ffff,linkquality,153,zigbee_mqtt
2026-04-29 13:17:35,0xa4c138057801ffff,power,44.21,zigbee_mqtt
2026-04-29 13:17:35,0xa4c138057801ffff,state,ON,zigbee_mqtt
2026-04-29 13:17:35,0xa4c138057801ffff,voltage,236.45,zigbee_mqtt
2026-04-29 13:17:37,0xa4c1380538efffff,current,0,zigbee_mqtt
2026-04-29 13:17:37,0xa4c1380538efffff,energy,0,zigbee_mqtt
2026-04-29 13:17:37,0xa4c1380538efffff,energy_month,0,zigbee_mqtt
2026-04-29 13:17:37,0xa4c1380538efffff,energy_today,0,zigbee_mqtt
2026-04-29 13:17:37,0xa4c1380538efffff,energy_yesterday,0,zigbee_mqtt
2026-04-29 13:17:37,0xa4c1380538efffff,linkquality,207,zigbee_mqtt
2026-04-29 13:17:37,0xa4c1380538efffff,power,0,zigbee_mqtt
2026-04-29 13:17:37,0xa4c1380538efffff,state,OFF,zigbee_mqtt
2026-04-29 13:17:37,0xa4c1380538efffff,voltage,237.07,zigbee_mqtt
2026-04-29 13:17:43,0xa4c138057801ffff,current,0.36,zigbee_mqtt
2026-04-29 13:17:43,0xa4c138057801ffff,energy,0.03,zigbee_mqtt
2026-04-29 13:17:43,0xa4c138057801ffff,energy_month,0.03,zigbee_mqtt
2026-04-29 13:17:43,0xa4c138057801ffff,energy_today,0.03,zigbee_mqtt
2026-04-29 13:17:43,0xa4c138057801ffff,energy_yesterday,0,zigbee_mqtt
2026-04-29 13:17:43,0xa4c138057801ffff,linkquality,153,zigbee_mqtt
2026-04-29 13:17:43,0xa4c138057801ffff,power,45.4,zigbee_mqtt
2026-04-29 13:17:43,0xa4c138057801ffff,state,ON,zigbee_mqtt
2026-04-29 13:17:43,0xa4c138057801ffff,voltage,236.45,zigbee_mqtt
2026-04-29 13:17:45,0xa4c138057801ffff,current,0.38,zigbee_mqtt
2026-04-29 13:17:45,0xa4c138057801ffff,energy,0.03,zigbee_mqtt
2026-04-29 13:17:45,0xa4c138057801ffff,energy_month,0.03,zigbee_mqtt
2026-04-29 13:17:45,0xa4c138057801ffff,energy_today,0.03,zigbee_mqtt
2026-04-29 13:17:45,0xa4c138057801ffff,energy_yesterday,0,zigbee_mqtt
2026-04-29 13:17:45,0xa4c138057801ffff,linkquality,150,zigbee_mqtt
2026-04-29 13:17:45,0xa4c138057801ffff,power,45.4,zigbee_mqtt
2026-04-29 13:17:45,0xa4c138057801ffff,state,ON,zigbee_mqtt
2026-04-29 13:17:45,0xa4c138057801ffff,voltage,236.45,zigbee_mqtt
2026-04-29 13:17:47,0xa4c1380538efffff,current,0,zigbee_mqtt
2026-04-29 13:17:47,0xa4c1380538efffff,energy,0,zigbee_mqtt
2026-04-29 13:17:47,0xa4c1380538efffff,energy_month,0,zigbee_mqtt
2026-04-29 13:17:47,0xa4c1380538efffff,energy_today,0,zigbee_mqtt
2026-04-29 13:17:47,0xa4c1380538efffff,energy_yesterday,0,zigbee_mqtt
2026-04-29 13:17:47,0xa4c1380538efffff,linkquality,210,zigbee_mqtt
2026-04-29 13:17:47,0xa4c1380538efffff,power,0,zigbee_mqtt
2026-04-29 13:17:47,0xa4c1380538efffff,state,OFF,zigbee_mqtt
2026-04-29 13:17:47,0xa4c1380538efffff,voltage,237.07,zigbee_mqtt
2026-04-29 13:17:53,0xa4c138057801ffff,current,0.38,zigbee_mqtt
2026-04-29 13:17:53,0xa4c138057801ffff,energy,0.03,zigbee_mqtt
2026-04-29 13:17:53,0xa4c138057801ffff,energy_month,0.03,zigbee_mqtt
2026-04-29 13:17:53,0xa4c138057801ffff,energy_today,0.03,zigbee_mqtt
2026-04-29 13:17:53,0xa4c138057801ffff,energy_yesterday,0,zigbee_mqtt
2026-04-29 13:17:53,0xa4c138057801ffff,linkquality,150,zigbee_mqtt
2026-04-29 13:17:53,0xa4c138057801ffff,power,43.13,zigbee_mqtt
2026-04-29 13:17:53,0xa4c138057801ffff,state,ON,zigbee_mqtt
2026-04-29 13:17:53,0xa4c138057801ffff,voltage,236.45,zigbee_mqtt
2026-04-29 13:17:55,0xa4c138057801ffff,current,0.4,zigbee_mqtt
2026-04-29 13:17:55,0xa4c138057801ffff,energy,0.03,zigbee_mqtt
2026-04-29 13:17:55,0xa4c138057801ffff,energy_month,0.03,zigbee_mqtt
2026-04-29 13:17:55,0xa4c138057801ffff,energy_today,0.03,zigbee_mqtt
2026-04-29 13:17:55,0xa4c138057801ffff,energy_yesterday,0,zigbee_mqtt
2026-04-29 13:17:55,0xa4c138057801ffff,linkquality,147,zigbee_mqtt
2026-04-29 13:17:55,0xa4c138057801ffff,power,43.13,zigbee_mqtt
2026-04-29 13:17:55,0xa4c138057801ffff,state,ON,zigbee_mqtt
2026-04-29 13:17:55,0xa4c138057801ffff,voltage,236.45,zigbee_mqtt
2026-04-29 13:17:57,0xa4c1380538efffff,current,0,zigbee_mqtt
2026-04-29 13:17:57,0xa4c1380538efffff,energy,0,zigbee_mqtt
2026-04-29 13:17:57,0xa4c1380538efffff,energy_month,0,zigbee_mqtt
2026-04-29 13:17:57,0xa4c1380538efffff,energy_today,0,zigbee_mqtt
2026-04-29 13:17:57,0xa4c1380538efffff,energy_yesterday,0,zigbee_mqtt
2026-04-29 13:17:57,0xa4c1380538efffff,linkquality,207,zigbee_mqtt
2026-04-29 13:17:57,0xa4c1380538efffff,power,0,zigbee_mqtt
2026-04-29 13:17:57,0xa4c1380538efffff,state,OFF,zigbee_mqtt
2026-04-29 13:17:57,0xa4c1380538efffff,voltage,237.07,zigbee_mqtt
